IBGE;q0_1;q0_2;q0_3;q0_4;q0_5;q0_6;q0_7;q0_8;q0_9;q0_10;q0_11;q0_12;q0_13;q0_14;Latitude;Longitude;q1;q2_1;q2_2;q2_3;q2_4;q2_5;q2_6;q2_7;q2_99;q2_99_1;q3_1;q3_2;q3_3;q3_4;q3_5;q3_6;q3_7;q3_8;q3_9;q3_10;q4;q4_97;q5;q5_97;q6;q6_99;q7_1_1;q7_1_2;q7_1_0;q7_2_1;q7_2_2;q7_2_3;q7_2_4;q7_2_5;q7_2_0;q7_3_1;q7_3_2;q7_3_3;q7_3_4;q7_3_0;q8_0;q8_1;q8_2;q8_3;q8_4;q9;q10;q11_1;q11_2;q11_1_1;q11_1_2;q11_1_3;q11_1_4;q11_1_5;q11_2_1;q11_2_2;q11_2_3;q11_2_4;q11_2_5;q12_0;q12_1;q12_2;q12_3;q12_4;q12_5;q12_6;q12_7;q12_8;q12_9;q12_10;q12_11;q12_99;q12_99_1;q13_0;q13_1;q13_2;q13_3;q13_4;q13_5;q13_6;q13_7;q13_99;q13_99_1;q14_1;q14_2;q14_3;q14_4;q14_5;q14_6;q14_7;q14_8;q14_9;q14_10;q14_99;q14_0;q14_99_1;q15;q16_1;q16_2;q16_1_1;q16_2_1;q17_1;q17_2;q17_3;q17_4;q17_5;q17_6;q17_7;q17_8;q17_9;q17_99;q17_99_1;q18;q19_1;q19_2;q19_3;q19_4;q19_5;q19_6;q19_7;q19_8;q19_9;q20;q21_1;q21_2;q21_3;q21_4;q21_5;q21_6;q21_7;q21_8;q21_9;q21_10;q21_99;q21_99_1;q22;q23;q24_1;q24_2;q24_3;q24_4;q24_99;q24_99_1;q25;q26_1_1;q26_1_2;q26_2_1;q26_2_2;q26_3_1;q26_3_2;q26_4_1;q26_4_2;q26_5_1;q26_5_2;q26_6_1;q26_6_2;q27;q28;q29;q30;q31;q32;q33;q34;q35;q36_1;q36_2;q36_3;q36_4;q36_5;q36_0;q37_0;q37_1;q37_2;q37_3;q37_4;q37_5;q37_6;q37_7;q37_8;q37_99;q37_99_1;q38_1;q38_2;q38_3;q38_4;q38_99;q38_99_1;q39;q40_1;q40_1_99;q40_2;q40_2_99;q40_3;q40_3_99;q40_4;q40_4_99;q41_1;q41_1_99;q41_2;q41_2_99;q41_3;q41_3_99;q41_4;q41_4_99;q42;q42_98;q43;q44;q44_99_1;q45;q46_1_1;q46_1_2;q46_1_3;q46_1_4;q46_1_5;q46_2_1;q46_2_2;q46_2_3;q46_2_4;q46_2_5;q47;q48;q48_1_99;q48_2_99;q49;q50;UF;Regiao;Q_incompleto;q7_1_1_velha;q7_1_2_velha;q7_1_0_velha;q7_2_1_velha;q7_2_2_velha;q7_2_3_velha;q7_2_4_velha;q7_2_5_velha;q7_2_0_velha;q7_3_1_velha;q7_3_2_velha;q7_3_3_velha;q7_3_4_velha;q7_3_0_velha;q8_0_velha;q8_1_velha;q8_2_velha;q8_3_velha;q8_4_velha;q12_0_velha;q12_1_velha;q12_2_velha;q12_3_velha;q12_4_velha;q12_5_velha;q12_6_velha;q12_7_velha;q12_8_velha;q12_9_velha;q12_10_velha;q12_11_velha;q12_99_velha;q13_0_velha;q13_1_velha;q13_2_velha;q13_3_velha;q13_4_velha;q13_5_velha;q13_6_velha;q13_7_velha;q13_99_velha;q14_0_velha;q14_1_velha;q14_2_velha;q14_3_velha;q14_4_velha;q14_5_velha;q14_6_velha;q14_7_velha;q14_8_velha;q14_9_velha;q14_10_velha;q14_99_velha;q16_1_velha;q16_2_velha;q16_1_1_velha;q16_2_1_velha;q17_1_velha;q17_2_velha;q17_3_velha;q17_4_velha;q17_5_velha;q17_6_velha;q17_7_velha;q17_8_velha;q17_9_velha;q17_99_velha;q19_1_velha;q19_2_velha;q19_3_velha;q19_4_velha;q19_5_velha;q19_6_velha;q19_7_velha;q19_8_velha;q19_9_velha;q24_1_velha;q24_2_velha;q24_3_velha;q24_4_velha;q24_99_velha;q25_velha;q28_velha;q36_1_velha;q36_2_velha;q36_3_velha;q36_4_velha;q36_5_velha;q36_0_velha;q37_0_velha;q37_1_velha;q37_2_velha;q37_3_velha;q37_4_velha;q37_5_velha;q37_6_velha;q37_7_velha;q37_8_velha;q37_99_velha;q44_velha;q45_velha;q50_velha;d_42;d_51_9bin1_sum;d_51_9bin2_sum;d_51_9bin3_sum;d_51_10bin1_sum;d_51_10bin2_sum;d_51_10bin3_sum;d_51_10bin4_sum;d_51_10bin5_sum;d_51_11bin1_sum;d_51_11bin2_sum;d_51_11bin3_sum;d_51_11bin4_sum;nu_trabalhador;d_51_15_1bin_Gestão_sum;d_51_15_1bin_Gestão_do_SUAS_sum;d_51_15_1bin_Vigilância_Socioassistencial_sum;d_51_15_1bin_Gestão_do_Trabalho_sum;d_51_15_1bin_Regulação_do_SUAS_sum;d_51_15_1bin_Gestão_Financeira_Orçamentária_sum;d_51_15_1bin_PSB_sum;d_51_15_1bin_PSE_Média_Complexidade_sum;d_51_15_1bin_PSE_Alta_Complexidade_sum;d_51_15_1bin_Gestão_CadÚnico_sum;d_51_15_1bin_PBF_sum;d_51_15_1bin_Gestão_Benefícios_Assistenciais_sum;d_51_15_1bin_PCF_sum;d_51_15_1bin_Outros_sum;d_51_16_2bin_Gestão_sum;d_51_16_2bin_Gestão_do_SUAS_sum;d_51_16_2bin_Vigilância_Socioassistencial_sum;d_51_16_2bin_Gestão_do_Trabalho_sum;d_51_16_2bin_Regulação_do_SUAS_sum;d_51_16_2bin_Gestão_Financeira_Orçamentária_sum;d_51_16_2bin_PSB_sum;d_51_16_2bin_PSE_Média_Complexidade_sum;d_51_16_2bin_PSE_Alta_Complexidade_sum;d_51_16_2bin_Gestão_CadÚnico_sum;d_51_16_2bin_PBF_sum;d_51_16_2bin_Gestão_Benefícios_Assistenciais_sum;d_51_15_2bin_PCF_sum;d_51_16_2bin_Outros_sum;d_51_17_3bin_Gestão_sum;d_51_17_3bin_Gestão_do_SUAS_sum;d_51_17_3bin_Vigilância_Socioassistencial_sum;d_51_17_3bin_Gestão_do_Trabalho_sum;d_51_17_3bin_Regulação_do_SUAS_sum;d_51_17_3bin_Gestão_Financeira_Orçamentária_sum;d_51_17_3bin_PSB_sum;d_51_17_3bin_PSE_Média_Complexidade_sum;d_51_17_3bin_PSE_Alta_Complexidade_sum;d_51_17_3bin_Gestão_CadÚnico_sum;d_51_17_3bin_PBF_sum;d_51_17_3bin_Gestão_Benefícios_Assistenciais_sum;d_51_17_3bin_PCF_sum;d_51_17_3bin_Outros_sum;d_51_Gestão_sum;d_51_Gestão_do_SUAS_sum;d_51_Vigilância_Socioassistencial_sum;d_51_Gestão_do_Trabalho_sum;d_51_Regulação_do_SUAS_sum;d_51_Gestão_Financeira_Orçamentária_sum;d_51_PSB_sum;d_51_PSE_Média_Complexidade_sum;d_51_PSE_Alta_Complexidade_sum;d_51_Gestão_CadÚnico_sum;d_51_PBF_sum;d_51_Gestão_Benefícios_Assistenciais_sum;d_51_PCF_sum;d_51_Outros_sum
11;Secretaria de Estado da Assistência e do Desenvolvimento Social;3;Farquar;2986;Complexo Rio Madeira, Prédio Paccás, 6º Andar;Pedrinhas;Entre Avenida Farquar;76801-348;PORTO VELHO;RO;casseasro@gmail.com;(69) 984914478;0;-69;-8.749.704.828.268.130;-6.391.043.186.187.740;2;0;0;0;1;1;0;1;0; ;1;1;1;1;1;1;1;1;1;1;2019; ;1; ;0; ; ; ;1; ; ; ; ; ;1;1;0;0;0;0;0;0;1;1;1;1;1;1;0;programa amparo;programa Eti sul;programa PCF +;programa mamãe cheguei; ; ; ; ; ; ;0;1;1;1;1;1;1;1;1;1;1;1;0; ;1; ; ; ; ; ; ; ; ; ;1;1;1;1;1;1;0;0;0;0;0;0; ;0; ; ; ; ; ; ; ; ; ; ; ; ; ; ; ;0; ; ; ; ; ; ; ; ; ;1;0;1;1;1;0;1;1;1;1;1;0; ;ORIENTAÇÃO REFERENTA CAMPANHA E AÇÕES DO PETI, CAPACITAÇÃO DO SISTEMA ePCF,  ENCONTRO DE APOIO TÉCNICO ePCF, CAPACITAÇÃO PBF E CADASTRO ÚNICO;0; ; ; ; ; ; ; ;6;6;1;1;3;3;1;1;1;1;0;0;1;0;1;0;1;7;2;3;2;0;0;1;0;0;0;0;0;0;0;0;1;0;1;1;0; ;0;1;1;0;0; ;1;1;2;0; ;1;436;0; ;0; ;0; ;0; ;0; ; ;1;0; ; ; ;0; ; ; ; ;0; ; ; ; ;0; ;0;0;0; ;11;1; ;0;0;1;0;0;0;0;0;1;1;0;0;0;0;0;0;1;1;1;0;1;1;1;1;1;1;1;1;1;1;1;0;1;0;0;0;0;0;0;0;0;0;1;1;1;1;1;1;0;0;0;0;0; ; ; ; ; ; ; ; ; ; ; ; ; ; ; ; ; ; ; ; ; ; ; ; ; ; ; ; ; ;0;0;0;1;0;0;0;0;0;0;0;0;1;0;1;1;0; ; ; ;7; ;2;24; ;16; ;1;2;4; ;22; ;26; ; ; ; ; ; ; ; ; ; ; ; ; ; ; ; ; ; ; ; ; ; ; ; ; ; ; ; ; ; ; ; ; ; ; ; ; ; ; ; ; ; ; ; ; ; ; ; ; ; ; ; ; ; ; ; 
12;Secretaria de Estado de Assistência Social, dos Direitos Humanos e de Políticas para Mulheres - SEASDHM;3;NAÇÕES UNIDAS;2731; ;ESTAÇÃO EXPERIMENTAL; ;69918-172;RIO BRANCO;AC;gabinete.seasdhm@ac.gov.br;(68) 32287580; ;-68;-996.686.403.427.369;-6.783.152.103.424.070;2;0;0;0;0;0;0;1;1;Política para Mulheres;1;1;1;1;1;1;1;1;1;1;2020; ;1; ;0; ; ; ;1; ; ; ; ; ;1;1;0;0;0;0;0;0;0;1;1;0;0; ; ; ; ; ; ; ; ; ; ; ; ;0;1;1;1;1;0;0;1;1;1;1;1;1;Apoio técnico remoto;0;0;0;1;0;1;0;0;0; ;1;0;0;0;0;1;1;0;0;0;0;0; ;0; ; ; ; ; ; ; ; ; ; ; ; ; ; ; ;0; ; ; ; ; ; ; ; ; ;0;1;1;0;0;0;1;0;0;0;0;1;Monitoramento dos Sistemas da Rede SUAS;Encontro sobre a Gestão dos Recursos do PCF, Encontro de Apoio Técnico para Supervisores e visitadores municipais, Encontro Desafios e avanços do Cadastro Único e PBF no Estado do Acre;0; ; ; ; ; ; ; ;3;3;2;3;3;1;0;1;1;1;0;0;1;1;1;1;1;4;0;2;1;0;1;0;1;0;0;0;1;1;0;0;0;0;1;0;0; ;0;1;0;1;1;Trabalho Home office;2;0; ;0; ;1;1180;0; ;0; ;0; ;0; ;0; ;0; ;4;2; ;2018;0; ; ; ; ;0; ; ; ; ;0; ;0;0;0; ;12;1; ;0;0;1;0;0;0;0;0;1;1;0;0;0;0;0;0;0;1;1;0;1;1;1;1;0;0;1;1;1;1;1;1;0;0;0;1;0;1;0;0;0;0;1;0;0;0;0;1;1;0;0;0;0; ; ; ; ; ; ; ; ; ; ; ; ; ; ; ; ; ; ; ; ; ; ; ; ; ; ; ; ; ;1;0;1;0;1;0;0;0;1;1;0;0;0;0;1;0;0;2;2018; ;1;12;41;67;4;21; ;3;1;71; ;38;11;120; ; ; ; ; ; ; ; ; ; ; ; ; ; ; ; ; ; ; ; ; ; ; ; ; ; ; ; ; ; ; ; ; ; ; ; ; ; ; ; ; ; ; ; ; ; ; ; ; ; ; ; ; ; ; ; 
13;SECRETARIA DE ESTADO DE ASSISTÊNCIA SOCIAL;3;Darcy Vargas;77; ;Chapada;Em frente ao Amazonas Shopping;69050-020;MANAUS;AM;dgsuas@seas.am.gov.br;(92) 21217818;0;-92;-3.092.787.158.426.990;-60.022.476.017.475.100;1; ; ; ; ; ; ; ; ; ;1;1;1;1;1;1;1;1;1;1;2017; ;0; ;0; ;1;0;0; ; ; ; ; ;1;1;0;0;0;0;1; ; ; ; ;0;1;1;0;AUXÍLIO EMERGENCIAL RATER EVENTUAL - VALE CARD; ; ; ; ; ; ; ; ; ;0;1;1;1;1;1;0;1;1;1;0;1;0; ;0;1;0;0;0;0;0;1;1; ;1;1;0;0;0;0;0;0;0;0;1;0;Regulamentou Auxílio Financeiro Emergencial Estadual de carater eventual;0; ; ; ; ; ; ; ; ; ; ; ; ; ; ; ;0; ; ; ; ; ; ; ; ; ;1;1;1;1;1;0;1;0;1;1;0;0; ;Oficina de Gestão do SUAS;0; ; ; ; ; ; ; ;6;6;2;4;3;4;2;1;1;0;1;0;1;1;1;1;1;8;0;5;1;0;1;1;1;0;0;0;0;1;1;1;1;1;0;1;1;Auxílio emergencial durante a pandemia;0;1;1;0;0; ;1;1;70;0; ;1;130;0; ;1;20;0; ;1;80;0; ;362; ;0; ; ; ;0; ; ; ; ;0; ; ; ; ;1; ;8;6;0; ;13;1; ;1;0;0;0;0;0;0;0;1;1;0;0;0;0;1;0;0;0;0;0;1;1;1;1;1;0;1;1;1;0;1;0;0;1;0;0;0;0;0;1;1;0;1;1;0;0;0;0;0;0;0;0;1; ; ; ; ; ; ; ; ; ; ; ; ; ; ; ; ; ; ; ; ; ; ; ; ; ; ; ; ; ;1;0;1;1;1;0;0;0;0;1;1;1;1;1;0;1;1; ; ; ;4;19;64;79;2;14; ;3;5;74;11;73;4;162;134;4;3;2;2;3;2; ; ;2;1;9; ; ;12;9;1;2;2;3;5;3;1; ;2;115; ; ;3;7;1;9;19;5;72;5;7;5;3;26; ; ;148;19;5;15;27;12;79;8;8;7;6;149; ; 
14;SECRETARIA DE ESTADO DO TRABALHO E BEM-ESTAR SOCIAL;3;MARIO HOMEM DE MELO;2310;não tem;MECEJANA;ao lado da escola Estadual Ana Libória;69304-350;BOA VISTA;RR;gabinetesetrabes@gmail.com;(95) 21212630;2632;(95) 21212640;28.224.792;-60.693.928;1; ; ; ; ; ; ; ; ; ;2;1;2;1;1;1;1;1;1;1; ;1;1; ;0; ; ; ;1;0;0;0;1;0;0;1;0;0;1;0;0;1;0;1;1;1;0; ; ; ; ; ; ; ; ; ; ; ; ;0;0;0;0;0;0;0;0;0;1;1;1;0; ;0;0;0;0;0;0;0;1;0; ;1;1;0;1;0;1;1;1;1;0;0;0; ;0; ; ; ; ; ; ; ; ; ; ; ; ; ; ; ;0; ; ; ; ; ; ; ; ; ;0;0;0;1;0;0;1;0;0;1;0;0; ; ;0; ; ; ; ; ; ; ;6;6;2;2;1;1;1;1;1;1;1;1;1;1;1;1;1;8;0;5;3;1;1;1;1;1;0;0;0;1;1;1;1;1;0;1;0; ;0;1;1;0;0; ;1;1;56;0; ;1;228;0; ;1;4;0; ;1;14;0; ;18; ;1;99;SECRETARIA DE ESTADO DA GESTÃO ESTRATÉGICA E ADMINISTRAÇÃO - SEGAD e SECRETARIA DE ESTADO DA SAÚDE DE RORAIMA - SESAU.;2014;0; ; ; ; ;0; ; ; ; ;0; ;1;1;0; ;14;1; ;0;0;1;0;0;0;1;0;0;1;0;0;1;0;0;1;0;1;1;0;0;0;0;0;0;0;0;0;1;1;1;0;0;0;0;0;0;0;0;1;0;0;1;1;0;1;0;1;1;1;1;0;0; ; ; ; ; ; ; ; ; ; ; ; ; ; ; ; ; ; ; ; ; ; ; ; ; ; ; ; ; ;1;1;1;1;1;1;0;0;0;1;1;1;1;1;0;1;0;99;2014; ;4;80;339;249;11;53;1;11;28;358;2;193;115;668; ; ; ; ; ; ; ; ; ; ; ; ; ; ; ; ; ; ; ; ; ; ; ; ; ; ; ; ; ; ; ; ; ; ; ; ; ; ; ; ; ; ; ; ; ; ; ; ; ; ; ; ; ; ; ; 
15;SECRETARIA DE ESTADO  DE ASSISTÊNCIA SOCIAL, TRABALHO, EMPREGO E RENDA;3;GOVERNADOR JOSÉ MALCHER;1018;entre a Alameda Joaquim Nabuco e Av. Wandecolk;NAZARÉ;PANIFICADORA METROPOLE;66055-260;BELEM;PA;seasterpa@yahoo.com.br;(91) 32391414; ;(91) 32196304;-14.506.679.331.952.100;-48.484.688.401.222.200;2;0;0;0;0;1;1;0;0; ;0;2;2;0;1;2;2;2;2;2; ;1;1; ;0; ; ; ;1; ; ; ; ; ;1;1;0;0;1;0;0;0;0;1;1;1;1;1;0;Renda Pará; ; ; ; ; ; ; ; ; ;0;0;0;0;0;0;0;0;1;1;1;0;0; ;0;1;0;0;0;0;0;0;1; ;0;0;0;1;0;0;0;0;0;0;0;0; ;1;0;1; ;22;1;1;1;0;0;0;1;1;1;0; ;1;0;0;0;0;1;0;0;0;0;0;1;1;1;0;0;0;0;0;0;0;1;Operadores do SUAS;Reunião técnica remota sobre a implantação e implementação da Vigilância Social, Reunião online de apoio técnico e escuta, Estratégia de enfrentamento do trabalho infantil em tempos de Pandemia, Live com os municípios com dificuldades de utilização dos recursos nas ações estratégicas do Programa de erradicação do trabalho infantil, Aolhimento para crianças e adolescentes, Aolhimento para pessoas idosas.;0; ; ; ; ; ; ; ;7;7;2;2;2;2;1;1;1;1;1;1;1;1;1;0;1;7;0;6;6;1;0;0;1;0;0;0;0;0;1;1;0;0;0;0;0; ;0;1;1;1;0; ;1;1;89;0; ;1;412;0; ;0; ;0; ;1;16;0; ;0; ;0; ; ; ;1;5;0; ; ;1;4;0; ; ;1; ;0;0;0; ;15;1; ;0;0;1;0;0;0;0;0;1;1;0;0;1;0;0;0;0;1;1;0;0;0;0;0;0;0;0;1;1;1;0;0;0;1;0;0;0;0;0;0;1;0;0;0;0;1;0;0;0;0;0;0;0;0;1; ;22;1;1;1;0;0;0;1;1;1;0;0;0;0;0;1;0;0;0;0; ; ; ; ; ; ;1;1;0;0;1;0;0;0;0;0;1;1;0;0;0;0;0; ; ; ;1; ;8;137;13;71; ;2;15;112; ;27;6;145; ; ; ; ; ; ; ; ; ; ; ; ; ; ; ; ; ; ; ; ; ; ; ; ; ; ; ; ; ; ; ; ; ; ; ; ; ; ; ; ; ; ; ; ; ; ; ; ; ; ; ; ; ; ; ; 
16;Secretaria de Inclusão e Mobilização Social;3;Rio Vila Nova;7; ;Central; ;68900-092;MACAPA;AP;sims@sims.ap.gov.br;(96) 21013404; ;-96;0.02936616411383297;-5.105.317.443.609.230;2;0;0;0;0;1;0;0;0; ;2;2;2;0;2;1;1;2;0;2; ;1;1; ;0; ; ; ;1; ; ; ; ; ;1;1;0;0;0;0;0;0;0;0;1;1;1;1;1;Programa Amapá Jovem;Programa Renda para Viver Melhor;Programa Emergencial Renda Cidadã; ; ;Programa Luz para Viver Melhor; ; ; ; ;0;0;0;1;0;0;0;0;0;1;1;0;1;Ações educativas a respeito do PBF;0;1;0;0;0;0;1;0;1; ;1;0;0;0;0;1;1;0;0;0;0;0; ;1;0;1; ;4;1;0;0;0;0;0;0;0;0;0; ;0; ; ; ; ; ; ; ; ; ;1;0;1;1;1;0;0;0;1;0;1;0; ;Gestão do SUAS, Desafios da CIB no SUAS, Orientações para o preenchimento do Censo SUAS 2020, Verificação do art. 30 da LOAS e Portaria 109/2020;0; ; ; ; ; ; ; ;6;6;2;2;1;1;1;1;1;1;1;1;0; ;1;1;1;6;3;4;4;1;1;1;1;0;0;0;0;0;1;1;1;0;0;1;0; ;0;1;1;1;1;Trabalho em regime de escala;1;1;36;0; ;1;133;0; ;1;3;0; ;1;2;0; ;174; ;0; ; ; ;0; ; ; ; ;0; ; ; ; ;1; ;3;1;0; ;16;1; ;0;0;1;0;0;0;0;0;1;1;0;0;0;0;0;0;0;0;1;0;0;0;1;0;0;0;0;0;1;1;0;1;0;1;0;0;0;0;1;0;1;0;1;0;0;0;0;1;1;0;0;0;0;0;1; ;4;1;0;0;0;0;0;0;0;0;0; ; ; ; ; ; ; ; ; ; ; ; ; ; ; ; ;1;1;1;1;0;0;0;0;0;1;1;1;0;0;1;0; ; ; ;4;37;51;112;5;28; ;1;6;143; ;28;29;200;78;23;1; ;1;7;4;6;2;1;1;34; ; ; ; ; ; ;1;7; ; ; ; ; ; ; ; ; ; ; ; ; ; ; ; ; ; ; ; ; ; ;78;23;1; ;1;7;4;6;2;1;1;34; ; 
17;SECRETARIA DO TRABALHO E DA ASSISTÊNCIA SOCIAL;27;Esplanada das Secretarias Praça dos Girassois;0; ;centro; ;77001-002;PALMAS;TO;gabinetesetasto@gmail.com;(63) 32181926; ;(63) 32181988;-10.172.811.125.629.000;-4.833.471.536.636.350;2;0;0;0;0;1;1;0;1;Inclusão Produtiva;1;2;0;0;1;1;1;1;1;1; ;1; ;1;0; ; ; ;1;1;0;0;0;0;0;0;0;1;0;0;1; ; ; ; ;0;0; ; ; ; ; ; ; ; ; ; ; ; ;0;1;0;1;1;1;0;0;0;1;0;1;1;Agendamento presencial e Whatsap;0;0;0;1;0;1;1;0;0; ; ; ; ; ; ; ; ; ; ; ; ;1; ;1;1;0;1; ; ; ; ; ; ; ; ; ; ; ; ;1;0;0;0;0;0;0;0;0;1;0;0;0;0;0;0;0;0;0;0;0;1;Não tem plano pactuado; ;0; ; ; ; ; ; ; ;8;8;4;6;2;1;0;0;2;1;0;0;1;1;1;1;1;10;0;0;2;0;0;0;1;0;0;0;1;1;0;1;0;0;0;0;1;Doação de cestas básicas;0;1;1;1;0; ;97;1;7;1;8;1;731;0; ;0; ;0; ;0; ;0; ; ;1;4;2; ;2016;0; ; ; ; ;0; ; ; ; ;1; ;0;0;0; ;17;1; ;0;0;1;1;0;0;0;0;0;0;0;1;0;0;1;0;0;0;0;0;1;0;1;1;1;0;0;0;1;0;1;1;0;0;0;1;0;1;1;0;0;1;0;0;0;0;0;0;0;0;0;0;0;1;0;1; ;0;1;0;0;0;0;0;0;0;0;0;0;0;0;0;0;0;0;1; ; ; ; ; ; ;1;0;0;0;1;0;0;0;1;1;0;1;0;0;0;0;1;2;2016; ;7; ;11;63;8;21; ;1; ;51; ;20;3;74; ;11; ; ; ;2;19;8; ; ; ;34; ; ;1;7;3; ; ;2;9;4;4;8;2;34; ; ;1;7;3; ; ;2;9;3;5;8;2;34; ; ;1;11;3; ; ;2;19;8;5;8;2;34; ; 
21;SECRETARIA DE ESTADO DE DESENVOLVIMENTO SOCIAL;32;DAS GARDÊNIAS, QUADRA 01;25; ;JARDIM RENASCENÇA;PLANTA TOWER , OFICE TOWER;65075-080;SAO LUIS;MA;saas100@outlook.com;(98) 20169200; ;-98;-24.947.386.170.373.300;-4.429.206.848.144.530;2;0;0;0;0;1;0;0;0; ;1;1;2;2;1;1;1;1;1;0; ;1;0; ;1; ; ; ;1; ; ; ; ; ;1;0;0;0;1;0;0;0;0;1;0;0;0; ; ; ; ; ; ; ; ; ; ; ; ;0;1;1;1;1;1;1;0;0;1;1;1;0; ;1; ; ; ; ; ; ; ; ; ;1;0;0;0;0;1;1;0;1;0;0;0; ;0; ; ; ; ; ; ; ; ; ; ; ; ; ; ; ;0; ; ; ; ; ; ; ; ; ;1;1;1;1;1;0;1;0;1;1;1;0; ;Reuniões de apoio técnico (presencial e on line).;0; ; ; ; ; ; ; ;6;6;2;2;1;1;1;1;1;1;1;1;1;1;1;1;1;6;0;4;3;0;1;0;1;0;0;0;1;1;0;1;1;0;0;1;1;Estruturou serviço de apoio e orientação às famílias com óbito por Covid19, em articulação com a saúde estadual e os municípios com maior incidência de casos.;0;1;1;1;0; ;1;1;678;0; ;1;849;0; ;1;125;0; ;1;430;0; ;623; ;1;2; ;2015;0; ; ; ; ;0; ; ; ; ;1; ;2;0;0; ;21;2; ;0;0;1;0;0;0;0;0;1;0;0;0;1;0;0;0;0;1;0;0;1;1;1;1;1;1;0;0;1;1;1;0;1;0;0;0;0;0;0;0;0;0;1;0;0;0;0;1;1;0;1;0;0; ; ; ; ; ; ; ; ; ; ; ; ; ; ; ; ; ; ; ; ; ; ; ; ; ; ; ; ; ;1;0;1;0;1;0;0;0;1;1;0;1;1;0;0;1;1;2;2015; ;5; ;14;51;7;26; ;2;1;31;3;29;2;65; ; ; ; ; ; ; ; ; ; ; ; ; ; ; ; ; ; ; ; ; ; ; ; ; ; ; ; ; ; ; ; ; ; ; ; ; ; ; ; ; ; ; ; ; ; ; ; ; ; ; ; ; ; ; ; 
22;SECRETARIA DA ASSISTENCIA SOCIAL, TRABALHO E DIREITOS HUMANOS - SASC;32;ACRE;340; ;CABRAL;PROXIMO A ASSEMBLEIA LEGISLATIVA;64001-650;TERESINA;PI;sasc@sasc.pi.gov.br;(86) 32264880; ;(86) 32217126;-5.080.185.439.245.900;-4.279.929.041.862.480;2;0;0;0;0;1;1;1;0; ;1;1;1;1;1;1;1;1;1;2; ;1;1; ;1;2018; ; ;1; ; ; ; ; ;1;1;0;0;1;0;1; ; ; ; ;0;0; ; ; ; ; ; ; ; ; ; ; ; ;0;0;0;1;0;0;1;0;0;1;1;1;0; ;0;0;0;0;0;1;0;0;0; ;1;0;0;0;0;1;1;0;0;0;0;0; ;1;0;1; ;23;1;0;1;0;0;0;1;1;1;0; ;1;1;1;0;0;1;0;0;0;0;0;0;1;1;0;0;0;0;1;1;0;0; ;Execução Financeira e Prestação de Contas, Monitoramento do CPF Assistencia Social ( Art. 30 da LOAS);1;1;1;0;1;0; ;91;6;6;2;2;1;1;1;1;2;2;0;0;0; ;1;0;1;11;2;5;4;1;0;1;0;0;0;0;0;1;0;1;1;0;1;0;0; ;0;1;1;0;0; ;1;0; ;1;15;0; ;1;250;1;8;0; ;1;120;0; ; ;1;0; ; ; ;0; ; ; ; ;0; ; ; ; ;1; ;3;1;0; ;22;2; ;0;0;1;0;0;0;0;0;1;1;0;0;1;0;1;0;0;0;0;0;0;0;1;0;0;1;0;0;1;1;1;0;0;0;0;0;0;1;0;0;0;0;1;0;0;0;0;1;1;0;0;0;0;0;1; ;23;1;0;1;0;0;0;1;1;1;0;1;1;0;0;1;0;0;0;0;1;1;0;1;0;91; ;1;0;1;0;0;0;0;0;1;0;1;1;0;1;0;0; ; ; ;7; ;1;32;2;18; ;2;3;13; ;13;7;33; ; ; ; ; ; ; ; ; ; ; ; ; ; ; ; ; ; ; ; ; ; ; ; ; ; ; ; ; ; ; ; ; ; ; ; ; ; ; ; ; ; ; ; ; ; ; ; ; ; ; ; ; ; ; ; 
23;Secretaria de Proteção Social, Justiça, Cidadania ,Mulheres e Direitos Humanos;32;SORIANO ALBUQUERQUE;230; ;Joaquim Távora;PRÉDIO DA ANTIGA L.B.A.;60130-160;FORTALEZA;CE;gabinete@sps.gov.br;(85) 31014597;2121;(85) 31012121;-37.477.716.410.239.100;-3.851.925.730.705.260;2;0;0;0;1;1;1;1;1;Justiça,Cidadania;1;1;1;1;1;1;1;1;1;2;2020; ;1; ;0; ; ; ;1;1;0;1;0;0;0;1;0;0;0;0;1; ; ; ; ;1;1;1;0;PROGAMA MAIS INFÂNCIA CEARÁ(CEMIC);PROGRAMA AVANCE;PROGRAMA SUPERAÇÃO;CNH POPULAR; ; ; ; ; ; ;0;1;1;1;1;1;1;1;1;1;1;1;1;Monitoramento das Ações Planejadas X realizadas,Elaboração e aplicação de instrumental de monitoramento,planilhas,questionários,formulários,etc.;0;0;0;0;0;1;0;1;0;0;1;1;1;1;1;1;1;0;1;0;1;0;Mobilizou e sensibilizou os coordenadores do Cadúnicoe PBF,quantoa prevenção e atendimento.;1;1;0;2; ; ; ; ; ; ; ; ; ; ; ;0;1;1;0;0;0;0;0;0;0;0;1;1;1;1;1;1;1;1;1;1;1;1;Grupos de Estudos,via ZAP,Reuniões virtuais.;Reuniões virtuais sobre o funcionamento do CRAS/PAIF,PAEFI,acolhimento,MSE. A PSE nos municípios de Pequeno Porte, serviço de Abordagem,monitoramento remoto mensal aos CRAS, Reuniões virtuais sobre o Programa ACESSUAS TRABALHO,Reunião técnicas com orientações sobre o auxilio emergencial,reunião técnica com orientações do Programa Estadual de Transferência de Renda/ Cartão Mais Infância,reunião técnica com municípios prioritários(MUPs) do CADÚNICO e PBF, Oficinas/encontros sobre os seguites temas: Elaboração do Plano de Contingência Municipal , Gestão Orçamentária e Financeira (Portarias MC Nº 369 e Nº 378), Capacitação introdutória para novos Conselheiros do Conselho Estadual de Assistência Social - CEAS (Gestão 2020/2022). Censo e Mapa de Riscos Pessoal e Social do Estado do Ceará - Cemaris ,orientação sobre os questionários do Censo Suas 2020, Capacitação acerca da importância e da responsabilidade do Controle Social na transição do Governo Municipal em decorrência do Pleito Eleitoral 2020, Procedimentos e Responsabilidades no Processo de Transição da Gestão Municipal em Decorrência do Pleito Eleitoral 2020.;1;1;0;0;0;0; ;34;6;6;2;2;1;1;1;1;1;1;1;1;1;1;1;1;1;8;0;8;6;0;1;0;0;0;0;0;1;1;1;0;1;0;1;0;1;Cestas básicas,Atendimento remotoApoio técnico,Assessoria sobre a oferta dos serviços no contexto da pandemia.;0;1;1;0;0; ;1;1;170;0; ;1;6474;0; ;1;36;0; ;1;382;0; ;0; ;0; ; ; ;0; ; ; ; ;0; ; ; ; ;2; ;3;1;0; ;23;2; ;0;0;1;1;0;1;0;0;0;1;0;0;0;0;1;0;0;0;0;0;1;1;1;1;1;1;1;1;1;1;1;1;0;0;0;0;0;1;0;1;0;0;1;1;1;1;1;1;1;0;1;0;1;1;0;2; ;0;0;0;0;0;0;0;0;0;1;1;0;0;0;0;0;0;0;0;1;0;0;0;0;34;1;0;1;0;0;0;0;0;1;1;1;0;1;0;1;0;1; ; ; ;1;74;169;211;28;40; ;19;10;119;48;6;281;454; ; ; ; ; ; ; ; ; ; ; ; ; ; ; ; ; ; ; ; ; ; ; ; ; ; ; ; ; ; ; ; ; ; ; ; ; ; ; ; ; ; ; ; ; ; ; ; ; ; ; ; ; ; ; ; 
24;SECRETARIA ESTADUAL DO TRABALHO DA HABITACAO E DA ASSISTENCIA SOCIAL;3;CENTRO ADMINISTRATIVO DO ESTADO, AV. SENADOR SALGADO FILHO,;0; ;LAGOA NOVA;CENTRO ADMINISTRATIVO DO ESTADO;59064-901;NATAL;RN;expediente.sethas@gmail.com;(84) 32321850;1806;-84;-5.827.897.311.328.830;-35.213.987.231.254.500;2;0;0;0;1;1;1;0;0; ;2;2;2;2;2;2;2;2;2;2; ;1;1; ;0; ; ; ;1; ; ; ; ; ;1; ; ; ; ;1;0;0;0;1;1;0;0; ; ; ; ; ; ; ; ; ; ; ; ;0;0;0;0;0;0;0;0;0;0;1;0;0; ;0;0;0;1;1;0;0;1;0; ;1;0;1;0;0;0;1;0;0;1;0;0; ;0; ; ; ; ; ; ; ; ; ; ; ; ; ; ; ;0; ; ; ; ; ; ; ; ; ;1;1;1;1;1;1;1;1;1;1;1;0; ;Jornadas de Apoio Técnico para orientação sobre a implantação da Vigilância, elaboração de diagnóstico, planos de assistência social e plano de providência e atuação da Vigilância em tempos de pandemia, jornada de apoio técnico para preenchimento do Censo do SUAS,apoio técnico de forma integrada para utilização dos sistemas da Rede Suas (RMA, Censo SUAS, CadSUAS, SAA, Prontuário Eletrônico, entre outros)Relatório Técnico da Proteção Social Básica no SUAS para as populações rurais, quilombolas e indígenas, Cartilha: Equipes volantes no SUAS, Diagnóstico situacional: Instituições De Longa Permanência Para Idosos No Rio Grande Do Norte Natal/2020, Relatório de dados da Pesquisa: Trabalhadores (as) do Sistema Único de Assistência Social ? Suas, Relatório de Dados de Pesquisa: Vigilância Socioassistencial nos munícipios do Rio Grande do Norte, Relatório técnico:  Trabalho das equipes volantes (SUAS/RN), 2020,capacitações para a visita domiciliar do Programa Criança Feliz. apoio técnico, realizado pelos multiplicadores do PCF e Vigilância, de maneira virtual, sobre CADSUAS e Sistemas E-PCF, CapacitaSUAS, Seminários territorias para construção de planos de assistência social nos 10 território da cidadania, 1ª Jornada de Gestão do Trabalho e Educação Permanente com os seguintes temas: Política de Assistência Social e Trabalho no SUAS, efetivação do plano municipal de capacitação para os trabalhadores do SUAS, gestão do trabalho e os desafios da intersetorialidade.;0; ; ; ; ; ; ; ;3;3;2;2;1;1;1;1;1;1;0;0;0; ;1;1;1;12;2;2;2; ; ; ; ; ;1;1; ; ; ; ; ; ; ; ; ; ;1;0;1;0;0; ;1;1;15;0; ;1;2967;0; ;0; ;0; ;0; ;0; ;2717; ;1;2; ;2010;0; ; ; ; ;0; ; ; ; ;1; ;0;2;0; ;24;2; ;0;0;1;0;0;0;0;0;1;0;0;0;0;1;0;0;0;1;1;0;0;0;0;0;0;0;0;0;0;1;0;0;0;0;0;1;1;0;0;1;0;0;1;0;1;0;0;0;1;0;0;1;0; ; ; ; ; ; ; ; ; ; ; ; ; ; ; ; ; ; ; ; ; ; ; ; ; ; ; ; ; ; ;0;0;0;0;0;1;1;1;1;1;1;1;0;1;1;0;2;2010; ;6; ;7;15; ;10;1; ;2;4;1;11;6;22;1;4;5;3; ;1;4;2;1;1; ; ; ; ;1;3;1;3; ;1; ;2;2;2;2;1; ; ;9; ; ;1;1; ; ; ; ;4; ;7; ; ;11;7;6;8;3;3;4;4;3;6;2;8; ; 
25;SECRETARIA DE ESTADO DO DESENVOLVIMENTO HUMANO;3;EPITÁCIO PESSOA;2501;0;Dos Estados;Em Frente a VIVO;58030-001;JOAO PESSOA;PB;tiberiolimeira@sedh.pb.gov.br;(83) 31334054; ;-83;-7.117.032.548.979.530;-34.858.653.545.379.600;2;0;0;0;0;1;1;1;0; ;1;1;1;1;1;1;1;1;2;2;2017; ;1; ;1;2015; ; ;1;1;1;1;1;1;0;1;0;0;0;0;0;1;0;1;1;1;1;1;1;Próalimento; ; ; ; ;Programa Cidadão;Programa Cidade Madura; ; ; ;0;0;0;0;0;0;0;0;0;1;1;1;1;nenhum;0;0;0;1;0;0;0;1;1;0;1;0;0;0;0;0;1;0;0;0;1;0;plano de contigência;1;1;0;26; ; ; ; ; ; ; ; ; ; ; ;0;1;1;0;1;0;0;0;0;0;0;1;0;1;1;1;0;0;1;1;1;1;0; ;Orçamento e Financiamento, Orientação sobre recursos extraordinários, Serviços e Programas: estratégias para atendimento na Pandemia;1;1;1;1;0;0; ;223;7;7;3;4;1;2;1;0;1;0;1;0;1;1;1;1;1;11;4;7;6;1;0;0;1;0;0;0;0;1;1;1;1;0;0;0;0; ;0;1;1;0;0; ;2;0; ;0; ;1;1483;0; ;0; ;0; ;0; ;0; ;1483; ;0; ; ; ;0; ; ; ; ;0; ; ; ; ;0; ;0;0;0; ;25;2; ;0;0;1;1;1;1;1;1;0;1;0;0;0;0;0;1;0;1;1;0;0;0;0;0;0;0;0;0;1;1;1;1;0;0;0;1;0;0;0;1;1;0;1;0;0;0;0;0;1;0;0;0;1;1;0;26; ;0;0;0;0;0;0;0;0;0;1;1;0;1;0;0;0;0;0;0;1;1;1;0;0;223;1;1;0;0;1;0;0;0;0;1;1;1;1;0;0;0;0; ; ; ;6; ;2;37;3;21; ;1;3;4; ;9;26;39; ; ; ; ; ; ; ; ; ; ; ; ; ; ; ; ; ; ; ; ; ; ; ; ; ; ; ; ; ; ; ; ; ; ; ; ; ; ; ; ; ; ; ; ; ; ; ; ; ; ; ; ; ; ; ; 
26;SECRETARIA ESTADUAL DE DESENVOLVIMENTO SOCIAL, CRIANÇA E JUVENTUDE;3;CRUZ CABUGÁ;665;0;SANTO AMARO;Palácio Frei Caneca - Antiga Vice-Governadoria;50040-000;RECIFE;PE;sdscj@sdscj.pe.gov.br;(81) 31833000;3001;(81) 31833007;-8.044.081.124.757.110;-34.874.639.511.108.400;2;0;0;0;0;0;0;0;1;Criança e Juventude;1;1;1;2;1;1;1;1;2;1; ;1;1; ;0; ; ; ;1;0;0;0;0;1;0;1;0;0;0;0;0;0;0;1;0;1;1;1;1;Programa de transferência de renda a família - 13º;Mãe Coruja Pernambucana;Programa Chapéu de Palha; ; ;Programa Vida Nova;Programa PE no Batente; ; ; ;0;0;0;1;0;0;0;0;0;1;1;0;0; ;1; ; ; ; ; ; ; ; ; ;1;0;0;0;0;0;0;0;0;0;0;0; ;0; ; ; ; ; ; ; ; ; ; ; ; ; ; ; ;0; ; ; ; ; ; ; ; ; ;1;1;1;1;1;0;1;0;1;1;1;0; ;Apoio técnico regional em relação a prontuário Suas e RMA, BPC Escola e Acessuas Trabalho;0; ; ; ; ; ; ; ;6;6;2;2;1;0;1;1;1;1;1;1;1;1;1;0;1;9;3;8;6;1;0;1;1;1;0;1; ; ; ; ; ; ; ; ; ; ;0;1;1;0;0; ;2;1;509;0; ;0; ;0; ;1;70;0; ;0; ;0; ;0; ;1;2; ;2019;0; ; ; ; ;0; ; ; ; ;1; ;3;1;0; ;26;2; ;0;0;1;0;0;0;0;1;0;1;0;0;0;0;0;0;0;1;0;0;0;0;1;0;0;0;0;0;1;1;0;0;1;0;0;0;0;0;0;0;0;0;1;0;0;0;0;0;0;0;0;0;0; ; ; ; ; ; ; ; ; ; ; ; ; ; ; ; ; ; ; ; ; ; ; ; ; ; ; ; ; ;1;1;0;1;1;1;0;1;1;1;1;1;0;1;1;0;0;2;2019; ;1;2;7;78;7;25; ;2;11;22;2;17;46;87; ; ; ; ; ; ; ; ; ; ; ; ; ; ; ; ; ; ; ; ; ; ; ; ; ; ; ; ; ; ; ; ; ; ; ; ; ; ; ; ; ; ; ; ; ; ; ; ; ; ; ; ; ; ; ; 
27;Secretaria de Estado da Assistencia e Desenvolvimento Social;3;Comendador Calaca;1399;predio;poco;Predio da Antiga LBA;57025-640;MACEIO;AL;gabinete.seades.gov@gmail.com;(82) 33152878; ;(82) 33151030;-9.657.723.934.145.930;-3.572.464.764.118.190;2;0;0;0;0;1;0;0;0; ;2;1;1;2;1;1;1;1;2;2;2019; ;1; ;0; ; ; ;1; ; ; ; ; ;1; ; ; ; ;1;0;0;0;1;0;0;0; ; ; ; ; ; ; ; ; ; ; ; ;0;1;0;0;1;0;0;0;0;1;1;1;0; ;0;0;0;1;0;0;0;0;1; ;1;0;0;1;0;0;1;0;0;0;0;0; ;0; ; ; ; ; ; ; ; ; ; ; ; ; ; ; ;0; ; ; ; ; ; ; ; ; ;0;0;1;1;0;0;0;0;1;1;0;0; ;Programa Criança Feliz, CREAS, AEPETI, Programa Bolsa Família;0; ; ; ; ; ; ; ;6;6;2;2;1;2;1;1;1;0;1;1;1;1;1;1;1;3;0;3;2;1;1;1;1;1;0;0;0;1;0;1;1;0;0;0;1;Fez a concessão de benefício eventual para alimentação (cestas básicas);0;0;1;0;0; ;0;1;50;0; ;1;830;0; ;1;5;0; ;1;10;0; ;15; ;0; ; ; ;0; ; ; ; ;0; ; ; ; ;1; ;8;1;0; ;27;2; ;0;0;1;0;0;0;0;0;1;0;0;0;0;1;0;0;0;1;0;0;1;0;0;1;0;0;0;0;1;1;1;0;0;0;0;1;0;0;0;0;1;0;1;0;0;1;0;0;1;0;0;0;0; ; ; ; ; ; ; ; ; ; ; ; ; ; ; ; ; ; ; ; ; ; ; ; ; ; ; ; ; ;1;1;1;1;1;1;0;0;0;1;0;1;1;0;0;0;1; ; ; ;4;3;17;42; ;19; ;3;8;39; ;18;5;62; ; ; ; ; ; ; ; ; ; ; ; ; ; ; ; ; ; ; ; ; ; ; ; ; ; ; ; ; ; ; ; ; ; ; ; ; ; ; ; ; ; ; ; ; ; ; ; ; ; ; ; ; ; ; ; 
28;Secretaria de Estado da Inclusao E Assistência Social;32;Santa Luzia;680; ;São José; ;49015-190;ARACAJU;SE;gabinete@seias.se.gov.br;(79) 31794836; ;(79) 31797676;-10.920.228.765.195.800;-3.705.199.241.638.180;2;0;0;0;0;1;0;1;0; ;1;1;1;1;1;1;1;1;1;1; ;1;1; ;1;2015; ; ;1; ; ; ; ; ;1;1;0;0;1;0;0;0;0;1;0;1;0; ; ; ; ; ; ; ; ; ; ; ; ;0;0;0;0;0;0;0;0;0;1;1;1;0; ;1; ; ; ; ; ; ; ; ; ;0;0;0;0;0;0;1;0;0;0;0;0; ;0; ; ; ; ; ; ; ; ; ; ; ; ; ; ; ;1;1;0;1;0;1;0;0;0;0;1;1;1;1;1;1;1;0;1;1;1;0; ;Trabalho Infantil, Medidas Socioeducativas em meio aberto, Desproteções Relacionais, Trabalho Social com Famílias;0; ; ; ; ; ; ; ;6;6;2;2;1;1;1;1;1;1;1;1;1;0;1;0;1;2;0;2;2;0;1;0;1;1;0;0;0;1;1;1;1;0;0;1;0; ;0;1;1;1;0; ;1;1;2;0; ;1;25;0; ;0; ;0; ;0; ;0; ;0; ;0; ; ; ;0; ; ; ; ;0; ; ; ; ;0; ;0;0;0; ;28;2; ;0;0;1;0;0;0;0;0;1;1;0;0;1;0;0;0;0;1;0;0;0;0;0;0;0;0;0;0;1;1;1;0;1;0;0;0;0;0;0;0;0;0;0;0;0;0;0;0;1;0;0;0;0; ; ; ; ; ; ; ; ; ; ; ; ; ; ;1;0;1;0;1;0;0;0;0; ; ; ; ; ; ;0;0;1;0;1;1;0;0;0;1;1;1;1;0;0;1;0; ; ; ;1; ;12;18; ;10; ; ;3;4; ;15;11;30;9;3;2;1; ;1;6;4;1;2;1; ; ; ;2; ; ;1; ;1; ;1; ; ;4;20; ; ;1; ; ; ; ;1; ; ;1; ; ;27; ; ;12;3;2;2;2;2;6;5;2;2;5;27; ; 
29;SECRETARIA DE JUSTIÇA, DIREITOS HUMANOS E DESENVOLVIMENTO SOCIAL;3;LUIS VIANA FILHO;390;PLATAFORMA IV, 1º ANDAR;CENTRO ADMINISTRATIVO DA BAHIA;Prédio da Governadoria;41745-005;SALVADOR;BA;gabinete@sjdhds.ba.gov.br;(71) 31156184;0;(71) 00000000;-12.950.130.005.649.100;-3.843.457.460.403.440;2;0;0;0;0;1;0;1;1;Alcóol e Drogas, Defesa do Consumidor;1;2;2;2;2;1;1;1;2;2;1995; ;1; ;0; ; ; ;1; ; ; ; ; ;1; ; ; ; ;1;1; ; ; ; ;0;0; ; ; ; ; ; ; ; ; ; ; ; ;0;0;0;0;1;0;0;0;0;1;1;0;0; ;0;1;0;0;0;1;0;0;1; ;1;0;1;1;0;1;1;0;1;0;0;0; ;1;0;1; ;12;1;0;0;0;1;0;1;1;1;0; ;1;1;0;0;0;1;0;0;0;0;0;1;1;1;1;0;0;0;1;1;0;0; ;Gestão Financeira e Orçamentária do SUAS,O SUAS e o enfrentamento a COVID-19 na Bahia,Esclarecendo Dúvidas sobre o Auxílio Emergêncial,Operacionalização e utilização dos recursos da Proteção Social Básica,O Preenchimento dos sistemas de informação do SUAS no serviço de convivência e fortalecimento de vínculos, considerando o cenário mundial do novo coronavírus,Cadastro Único e Programa Bolsa Família em tempos de pandemia,Os desafios da Proteção Social Especial em tempos de pandemia Covid-19,Fluxo de abrigamento na Casa Abrigo regional em tempo de pandemia da Covid-19,Desafios da Educação Permanente no SUAS: Construindo Alternativas,Elaborando Relatório de Gestão,Desafios e perspectivas da Proteção Social Básica em tempos de pandemia Covid-19 ,Orientação sobre a utilização de recursos,Orientação sobre o Preenchimento do RAF,Controle Social/Planos municipais/Vigilancia Socioassistencial,Gestão Financeira e Orçamentária do SUAS - Para uma melhor operacionalização do cofinanciamento,Orientações técnicas para a gestão do Cadastro Único e PBF,Cadastro Único e o Bolsa Família - perguntas e respostas,APOIO TÉCNICO VIRTUAL para os Coordenadores e Equipe Técnica  das Unidades Regionais de Acolhimentos para Crianças e Adolescentes/ Abrigo Institucional,Atribuições, possibilidades e limites de atuação da PSE no município diante da realidade atual, e a relação com o CRAS,Fluxo de acesso ao serviço de acolhimento  para criança  e adolescentes  UR/Abrigo Institucional,QUAL O NÍVEL DE DIFICULDADE OPERACIONAL DO PROGRAMA NO SEU MUNICÍPIO?,68 publicações;1;1;1;1;1;0; ;36;6;6;2;2;1;1;1;1;1;1;1;1;1;1;1;0;1;11;2;8;6;0;1;1;1;0;0;0;0;1;1;1;1;0;1;1;0; ;0;1;1;0;0; ;2;1;6;0; ;1;1246;0; ;1;2;0; ;1;79;0; ;1333; ;0; ; ; ;0; ; ; ; ;0; ; ; ; ;1; ;7;2;0; ;29;2; ;0;0;1;0;0;0;0;0;1;0;0;0;0;1;1;0;0;0;0;0;0;0;0;1;0;0;0;0;1;1;0;0;0;1;0;0;0;1;0;0;1;0;1;0;1;1;0;1;1;0;1;0;0;0;1; ;12;1;0;0;0;1;0;1;1;1;0;1;0;0;0;1;0;0;0;0;1;1;1;1;0;36;1;0;1;1;1;0;0;0;0;1;1;1;1;0;1;1;0; ; ; ;6; ;9;35;8;11; ;1;4;8; ;24;12;44; ; ; ; ; ; ; ; ; ; ; ; ; ; ; ; ; ; ; ; ; ; ; ; ; ; ; ; ; ; ; ; ; ; ; ; ; ; ; ; ; ; ; ; ; ; ; ; ; ; ; ; ; ; ; ; 
31;SUBSECRETARIA DE ESTADO DE ASSISTENCIA SOCIAL - SUBAS;31;Papa João Paulo II;4143;14º andar - Prédio Minas;SERRA VERDE;CIDADE ADMINISTRATIVA DO GOVERNO DE MINAS GERAIS;30630-900;BELO HORIZONTE;MG;gabinetesec@social.mg.gov.br;(31) 39168044; ;(31) 39168044;-19.781.847.830.952.000;-43.951.106.071.472.100;2;0;0;0;1;0;1;1;1;Políticas sobre drogas, Esportes;1;1;1;1;1;1;1;1;1;0;2011; ;1; ;0; ; ; ;1;1;0;1;0;0;0;1;0;0;0;0;1; ; ; ; ;1;1;1;1;Programa Renda Minas;Programa Percursos Gerais: Aproximação SUAS; ; ; ;Programa Rede Cuidar; ; ; ; ;0;1;1;1;1;0;0;0;0;1;1;1;0; ;0;0;0;0;0;1;0;1;0; ;1;0;0;0;0;1;1;1;1;0;1;0;Participação contínua no Grupo Estratégico de Resposta (GER) coordenado pela Defesa Civil Estadual e em articulação com demais órgãos de governo.;1;1;1;5;4;1;1;1;1;1;1;1;1;1;0; ;0; ; ; ; ; ; ; ; ; ;1;1;1;1;1;0;1;0;1;1;1;1; Cursos e treinamentos na Plataforma EAD SUAS MG;ACOLHIMENTO INSTITUCIONAL, ADOLESCÊNCIA E AMEAÇA DE MORTE, Gestão financeira e orçamentária, Vigilância Socioassistencial, PROGRAMA DE ERRADICAÇÃO DO TRABALHO INFANTIL (PETI), Violência contra o idoso, Atuação no contexto da COVID-19, ORIENTAÇÕES GERAIS SOBRE A PROTEÇÃO SOCIAL ESPECIAL DE E MÉDIA COMPLEXIDADE, PROGRAMA ACESSUAS TRABALHO, SERVIÇOS SOCIOASSISTENCIAIS NO PERÍODO ELEITORAL, MEDIDAS SOCIOEDUCATIVAS EM MEIO ABERTO;0; ; ; ; ; ; ; ;6;6;2;2;1;1;1;1;1;1;1;1;0; ;1;1;1;10;0;6;5;1;0;1;1;0;0;0;0;1;1;1;1;0;1;0;0; ;0;1;1;0;0; ;1;0; ;1;98;1;9295;1;1699;0; ;1;7;0; ;1;240;0; ;2;1; ;2014;0; ; ; ; ;0; ; ; ; ;1; ;0;2;0; ;31;3; ;0;0;1;1;0;1;0;0;0;1;0;0;0;0;1;0;0;0;0;0;1;1;1;1;0;0;0;0;1;1;1;0;0;0;0;0;0;1;0;1;0;0;1;0;0;0;0;1;1;1;1;0;1;1;1;5;4;1;1;1;1;1;1;1;1;1;0; ; ; ; ; ; ; ; ; ; ; ; ; ; ; ; ;1;0;1;1;0;0;0;0;1;1;1;1;0;1;0;0;1;2014; ;1;9;58;137;7;41; ;11;33;122;9;51;22;204;7;5;7;4; ;10;9;4;4;3;2;149; ; ; ;1; ;4; ;10; ; ;1; ;1; ; ; ; ; ; ;1; ; ; ; ; ; ; ; ; ; ;7;6;7;5;3;17;9;4;5;3;3;149; ; 
32;SECRETARIA DE ESTADO DE TRABALHO, ASSISTÊNCIA E DESENVOLVIMENTO SOCIAL;32;Dr João Carlos Souza;107;Ed Green Tower;Barro Vermelho;Rua da Divisão de Homicídios e Proteção à Pessoa DHPP, em frente ao MS Buffet;29057-530;VITORIA;ES;gabinete@setades.es.gov.br;(27) 36366821;6824;(27) 36366822;-20.292.831.685.977.800;-40.299.181.938.171.300;2;0;0;0;0;0;1;0;0; ;1;1;2;0;1;1;1;2;1;1;2012; ;0; ;0; ; ; ;1; ; ; ; ; ;1; ; ; ; ;1;0;0;0;1;0;1;1;1;1;Projeto Bolsa Capixaba; ; ; ; ;Programa Incluir;Projeto Proteção Social à pessoa idosa e pessoa com deficiência no contexto da pandemia;Projeto Pop Rua no âmbito do SUAS em resposta à Covid 19; ; ;0;1;1;1;1;1;0;1;1;1;1;1;0; ;0;0;0;0;0;0;0;0;1; ;1;0;0;1;0;1;1;0;0;1;1;0;a) Monitorou a ocorrência de emergências no Estado no âmbito da Covid-19 visando a entrega de insumos (EPI, alimentação, vacinas - H1n1 e testagens) e isolamento social, para pessoa idosa, pessoa com deficiência e pessoa em situação de rua. b) Transferência de recurso emergencial para o Projeto Pop Rua no âmbito do SUAS em resposta à Covid-19.;0; ; ; ; ; ; ; ; ; ; ; ; ; ; ; ;1;0;0;0;1;0;0;0;0;0;0;1;1;1;1;1;1;0;1;1;1;1;Assessoria aos municípios por meio de grupo de Whatssap, Webnário, Workshop;Capacitação de Entrevistadores do Cadastro Único ? Versão 7 (presencial), Live sobre Benefícios Eventuais, Live sobre o Instrumental da Rede Socioassistencial-Demanda Municipal. Live Enfrentamento ao Trabalho Infantil no Contexto da Pandemia da COVID-19. Live Termo de Cooperação Técnica sobre o uso dos Veículos cedidos para a Estruturação da Rede de Serviços no âmbito da Proteção Social Básica. Live Prestação de Contas do Projeto Emergencial para a População em Situação de Rua, no contexto da Pandemia do COVID-19, no âmbito do Sistema Único de Assistência Social ? SUAS. Live Proteção de Dados Pessoais à luz do Estatuto da Criança e do Adolescente. Webinário O trabalho Infantil Agrícola: desafios, propostas e relato de boas práticas para seu enfrentamento. Webinário de apoio técnico, com o tema: Identificação e tratamento de fraudes cadastrais no Cadastro Único. Webinário Prestação de Contas dos recursos do cofinanciamento estadual, fundo a fundo, destinado ao custeio dos Benefícios Eventuais e Serviços Continuados da Assistência Social ? exercício 2019 e orientações técnicas para acesso ao sistema E-docs. Oficina de Financiamento do Programa Criança Feliz com equipe do Ministério da Cidadania. Oficina do Prontuário do SUAS ? Funcionalidades do Programa Criança Feliz. Capacitação do Guia para Visita Domiciliar do PCF. Live com Supervisores e Coordenadores do PCF dos novos municípios. Tema: Plano de Visita, Atividade Remota (visita), Monitoramento, dentre outros assuntos. Reuniões online com Supervisores e Coordenadores do Programa Criança Feliz Tema: Formação Continuada, Relatório Trimestral, Atendimento Remoto e sugestões de temas para próximas Lives. Encontros Online com Supervisores e Visitadores do Programa Criança Feliz. apresentação de atividades como (preenchimento de formulário), atividades com gestante, BPC e criança, orientações quanto Plano de Visita Domiciliar, além de outras informações. Reuniões online com Supervisores e Coordenadores do Programa Criança Feliz. Tema: Relatório Municipal Trimestral (1º trimestre), Questionário de Acompanhamento Técnico Municipal, Relatório de Acompanhamento Semanal. Reuniões online com Supervisores e Coordenadores do Programa Criança Feliz. Tema: Relatório Municipal Trimestral (apresentação do novo modelo e orientação quanto ao preenchimento), Questionário de Acompanhamento Técnico Municipal, Relatório de Acompanhamento Semanal, Vídeos para às famílias e sugestões. Reunião online com Supervisores e Coordenadores PCF. Tema: Relatório Semanal, Explicação dos slides referente ao novo Sistema Epcf e o que se verificar no CADSUAS. Reunião online com Secretários Municipais do PCF para apresentação da planilha financeira, planilha meta física e relatório semanal de monitoramento das informações das visitas domiciliares. Reuniões online com Supervisores e Coordenadores PCF. Tema: Relatório Semanal, Planilha EAD, apresentação da síntese do Questionário/Pandemia, Revisitando Formulários PCF 5 e 7. Reuniões online com Supervisores sobre o ePCF. Live sobre o novo Sistema ePCF e Capacitação na Paltaforma AVA para equipes PCF. Capacitação novo sistema Epcf para Gestores (Secretários Municipais e Adjuntos de senha). Capacitação novo sistema Epcf para Supervisores, Coordenadores e Técnicos efetivos. II Workshop pela Primeira Infância -?Nascer, Crescer, Brincar e Aprender: o futuro começa hoje?.  Encontro com Secretários, Coordenadores e Supervisores PCF sobre Financiamento do Programa Criança Feliz.  Live: Primeira Infância no SUAS/ Programa Criança Feliz ?Tem música no play da Primeira Infância? com a preletora: Fabíola Moreira (Educadora Musical, Musicoterapeuta, Treinamento de profissionais para educação musical com crianças não alfabetizadas). Live: ?Alimentação Saudável para a Primeira Infância? com Nutricionista Daniela Briel da Secretaria de Estado da Saúde/ES.  Live: ?Infância feliz: cuidados nos primeiros mil dias? ? com a preletora: Dra. Edna Baltar ? Médica Pediatra, Coordenadora de Saúde da Criança da Secretaria de Estado da Saúde /ES.  Reunião técnica para orientações acerca do cadastramento de famílias para o auxílio financeiro Cartão Reconstrução ES 2020.  Reunião técnica sobre CNH Social e Averiguação e Revisão Cadastral de 2020 (presencial), Web Conferência sobre o Auxílio Emergencial do Governo Federal, Videoconferência sobre o Auxílio Emergencial do Governo Federal com participação da CAIXA, Reunião Técnica com gestores municipais do Cadastro Único e PBF que assumiram em 2020 (virtual), Live Enfrentamento abuso e exploração sexual ? Alusão ao 18 de maio Webinário O trabalho Infantil Agrícola: desafios, propostas e relato de boas práticas para seu enfrentamento.Obs: realizado 2 encontros com o tema Reunião on-line com as referências técnicas do PETI dos 14 municípios cofinanciados sobre a execução dos planos municipais das AEPETI no contexto da pandemia da COVID-19.  Reunião online com os coordenadores de CREAS, SEAS e PETI de 3 municípios da região metropolitana sobre situação de rua e trabalho infantil com orientações sobre fluxos e protocolos de atendimento e encaminhamento. Oficina Técnica Sobre o Serviço de Convivência e Fortalecimento de Vínculos.;0; ; ; ; ; ; ; ;6;6;2;2;1;1;1;1;1;1;1;1;1;1;1;1;1;9;0;3;2;0;0;1;0;0;0;0;1;1;1;1;1;1;1;1;1;Parceria com banco privado para atendimento com equipes, insumos e capacitação para o público pessoa idosa, pessoa com deficiência e pessoa em situação de rua.;0;1;1;0;0; ;2;1;175;0; ;1;1096;0; ;0; ;0; ;0; ;0; ;0; ;4;2; ;2009;0; ; ; ; ;0; ; ; ; ;1; ;4;3;0; ;32;3; ;0;0;1;0;0;0;0;0;1;0;0;0;0;1;0;0;0;1;0;0;1;1;1;1;1;0;1;1;1;1;1;0;0;0;0;0;0;0;0;0;1;0;1;0;0;1;0;1;1;0;0;1;1; ; ; ; ; ; ; ; ; ; ; ; ; ; ;0;0;0;1;0;0;0;0;0; ; ; ; ; ; ;1;0;0;1;0;0;0;0;1;1;1;1;1;1;1;1;1;2;2009; ;1;4;12;43;4;27; ;2;2;15; ;26;18;59; ; ; ; ; ; ; ; ; ; ; ; ; ; ; ; ; ; ; ; ; ; ; ; ; ; ; ; ; ; ; ; ; ; ; ; ; ; ; ; ; ; ; ; ; ; ; ; ; ; ; ; ; ; ; ; 
33;Secretaria de Estado de Desenvolvimento Social e Direitos Humanos do Rio de Janeiro;3;Erasmo Braga;118;9º andar;Centro;Ao lado da ALERJ;20020-000;RIO DE JANEIRO;RJ;subsuas.gab@sedsdh.rj.gov.br;(21) 23345551; ;-21;-2.290.469.037.159.210;-43.173.603.415.489.200;2;0;0;0;0;0;0;1;0; ;2;2;2;2;2;1;1;2;2;2;2018; ;1; ;0; ; ; ;1;0;0;0;1;0;0;1;0;0;0;0;0;0;0;1;1;1;1;1;0;Renda Melhor;Renda Melhor Jovem; ; ; ; ; ; ; ; ;0;1;0;1;1;0;0;0;0;1;1;1;1;Adicionalmente em 2020 a coordenação Estadual atuou de forma sistemática em relação às demandas do Auxílio emergencial em consonância com as diretrizes da gestão federal.;0;0;0;0;0;0;0;1;0; ;1;0;0;0;0;0;0;1;1;0;0;0; ;0; ; ; ; ; ; ; ; ; ; ; ; ; ; ; ;0; ; ; ; ; ; ; ; ; ;0;0;1;1;0;0;0;0;1;1;1;0; ;Execução de recursos do IGD-PBF, Análise de dados via CECAD, Serviços de PSE e PSB;0; ; ; ; ; ; ; ;6;3;2;1;1;0;1;2;1;3;1;0;0; ;1;0;1;7;0;3;3;0;1;1;0;1;0;0;1;0;0;0;1;0;1;1;0; ;0;1;1;0;0; ;2;1;60;0; ;1;2490;0; ;0; ;0; ;0; ;0; ;0; ;0; ; ; ;0; ; ; ; ;0; ; ; ; ;0; ;0;0;0; ;33;3; ;0;0;1;0;0;0;1;0;0;1;0;0;0;0;0;0;0;1;1;0;1;0;1;1;0;0;0;0;1;1;1;1;0;0;0;0;0;0;0;1;0;0;1;0;0;0;0;0;0;1;1;0;0; ; ; ; ; ; ; ; ; ; ; ; ; ; ; ; ; ; ; ; ; ; ; ; ; ; ; ; ; ; ;0;1;1;0;1;0;0;1;0;0;0;1;0;1;1;0; ; ; ;1;6;24;53;1;20; ;6;2;2; ;80;1;83; ;4;3;2; ;2;4;1;6;2;1; ; ; ; ; ; ;2; ;2; ;1; ; ; ; ; ; ; ; ; ; ; ; ; ; ; ; ; ; ; ; ; ;4;3;2; ;2;4;2;6;2;1; ; ; 
35;Secretaria de Desenvolvimento Social do Estado de São Paulo;32;BOA VISTA;170;3º ANDAR;CENTRO; ;01014-930;SAO PAULO;SP;celiaparnes@sp.gov.br;(11) 27638000;0;(11) 27638255;-2.354.638.928.254.820;-4.663.344.383.239.740;2;0;0;0;0;0;0;0;1;Políticas sobre Drogas e 2 programas de Segurança Alimentar estão associados à Política de Assistência Social.;1;1;0;0;1;2;2;2;2;2; ;1;1; ;0; ; ; ;1; ; ; ; ; ;1;1;0;0;0;0;1; ; ; ; ;1;1;1;0;Programa Prospera; ; ; ; ; ; ; ; ; ;0;1;0;1;1;0;0;0;1;1;1;1;0; ;0;0;0;0;0;1;0;1;0; ;1;1;1;0;0;1;1;0;1;1;1;0;Integra a Comissão Estadual da Defesa Civil para ações intersecretariais.;0; ; ; ; ; ; ; ; ; ; ; ; ; ; ; ;0; ; ; ; ; ; ; ; ; ;1;0;1;1;1;1;1;1;1;1;1;0; ;Educação Permanente, Fundo a Fundo, SP Sem Papel, Pregão Eletrônico, Controle Social (Conselhos Estaduais e Municipais), SUAS em Tempos de COVID-19, Dados e informações sobre COVID-19 da Rede de Pesquisa Solidária, Gestão Pública, Gestão do SUAS, Situação de Calamidade Pública e Emergência, Escuta Especializada, Violência Contra Idosos, Violência Contra a Mulher, Acolhimento de Crianças e Adolescentes em Tempos de Pandemia, Metodologias de Trabalho com as Famílias, Acolhimento Institucional, Programa Bolsa Família, CadÚnico, Benefício de Prestação Continuada (BPC), BPC na Escola, Longevidade, Programa Criança Feliz ? Primeira Infância, Acessuas e Plano Progredir, Plano de Contingência da Assistência Social no Contexto da Pandemia da COVID-19, Sistema de Informações ao Cidadão ? SIC-SP, Questão racial, Programa de Erradicação do Trabalho Infantil (PETI), Concepção de Convivência e Fortalecimento de Vínculos e outros.  Observação: o Canal YouTube da EDESP contém diversas ações de capacitação realizadas em 2020.;1;1;1;0;0;0; ;15;6;6;2;2;1;1;1;1;1;1;1;1;1;1;1;1;1;8;0;5;3;1;0;1;1;0;0;0;1;0;1;1;1;0;1;0;0; ;0;1;1;1;0; ;2;1;1197;1;59;1;2273;1;9999;1;48;0; ;1;448;0; ;0; ;0; ; ; ;0; ; ; ; ;0; ; ; ; ;1; ;1;3;1;1;35;3; ;0;0;1;0;0;0;0;0;1;1;0;0;0;0;1;0;0;0;0;0;1;0;1;1;0;0;0;1;1;1;1;0;0;0;0;0;0;1;0;1;0;0;1;1;1;0;0;1;1;0;1;1;1; ; ; ; ; ; ; ; ; ; ; ; ; ; ; ; ; ; ; ; ; ; ; ;1;1;0;0;0;15;1;1;0;1;1;0;0;0;1;0;1;1;1;0;1;0;0; ; ;1;1;10;80;334;26;43; ;24;28;255;3;156;10;424; ; ; ; ; ; ; ; ; ; ; ; ; ; ; ; ; ; ; ; ; ; ; ; ; ; ; ; ; ; ; ; ; ; ; ; ; ; ; ; ; ; ; ; ; ; ; ; ; ; ; ; ; ; ; ; 
41;Secretaria de Estado da Justiça, Família e Trabalho - SEJUF;32;JACY LOUREIRO CAMPOS;0;PALACIO DAS ARAUCÁRIAS;CENTRO CÍVICO; ;80530-915;CURITIBA;PR;gabinete@seds.pr.gov.br;(41) 32102400;2711;-41;-25.414.923.434.786.700;-4.927.002.042.531.960;2;0;0;0;0;0;1;1;1;Justiça e Garantia de Direitos;1;2;2;2;1;1;1;1;2;2; ;1;1; ;1;2016; ; ;1; ; ; ; ; ;1; ; ; ; ;1;1; ; ; ; ;1;1;1;0;Programa Nossa Gente;Bolsa Agente Cidadania; ; ; ; ; ; ; ; ;0;1;0;1;0;0;0;0;0;1;1;1;0; ;0;1;0;1;1;0;0;1;1; ;1;0;1;0;1;1;1;0;0;0;0;0; ;1;0;1; ;23;1;1;1;0;0;0;1;1;1;0; ;1;0;0;0;1;1;0;0;0;0;1;1;1;1;0;0;0;0;1;1;0;0; ;Videoconferência Cadúnico e PBF, Capacitação de instrutores para o curso de formulários do Cadúnico para programas sociais, Videoconferência Benefício eventual e PBF, Reuniões virtuais com os Escritórios Regionais da SEJUF, Capacitações Guia para Visita Domiciliar - GVD - Programa Criança Feliz, Capacitações Cuidados para o Desenvolvimento da Criança - CDC - Programa Criança Feliz, Seminário do Marco Legal da 1ª Infância, Curso Detox Digital, Minicurso Guia para Visita Domiciliar e Cuidados para o Desnvolvimento da Criança, Capacitação sistema E-PCF, Live ''Papel da Família no FORTIS'', Live ''Construindo e Fortalecendo as Redes de Proteção da 1ª Infância'', Seminário Intersetorial da 1ª Infância: Percorrendo Ações de Formação para o Fortalecimento das Políticas Públicas de Proteção Integral'', Serviço de Acolhimento para Mulheres em Situação de Violência e Live sobre o Trabalho Infantil.;0; ; ; ; ; ; ; ;6;6;2;2;1;1;1;1;1;1;1;1;1;1;1;1;1;7;0;2;2;1;1;1;1;1;0;0;0;0;0;1;1;1;1;0;1;Repasse do beneficio COVID19 e Pesquisa Ipardes;0;1;1;0;0; ;97;1;100;1;98;1;1455;1;802;0; ;0; ;0; ;0; ;0; ;2;2; ;2002;0; ; ; ; ;0; ; ; ; ;1; ;0;0;0; ;41;4; ;0;0;1;0;0;0;0;0;1;0;0;0;0;1;1;0;0;0;0;0;1;0;1;0;0;0;0;0;1;1;1;0;0;1;0;1;1;0;0;1;1;0;1;0;1;0;1;1;1;0;0;0;0;0;1; ;23;1;1;1;0;0;0;1;1;1;0;0;0;0;1;1;0;0;0;0; ; ; ; ; ; ;1;1;1;1;1;1;0;0;0;0;0;1;1;1;1;0;1;2;2002; ;1;5;36;230;16;62; ;19;38;109;10;97;55;271; ; ; ; ; ; ; ; ; ; ; ; ; ; ; ; ; ; ; ; ; ; ; ; ; ; ; ; ; ; ; ; ; ; ; ; ; ; ; ; ; ; ; ; ; ; ; ; ; ; ; ; ; ; ; ; 
42;Secretaria de Estado de Desenvolvimento Social;32;Fúlvio Aducci;767; ;Estreito; ;88000-000;FLORIANOPOLIS;SC;gabinete@sst.sc.gov.br;(48) 36640773; ;-48;-27.589.801.758.750.800;-48.575.094.938.278.200;2;0;0;0;1;1;0;1;0; ;1;2;2;2;2;1;1;2;2;2; ;1;1; ;0; ; ; ;1; ; ; ; ; ;1;1;0;0;0;0;1; ; ; ; ;0;0; ; ; ; ; ; ; ; ; ; ; ; ;0;0;0;0;0;0;0;0;0;1;1;0;0; ;0;0;0;0;0;0;0;0;1; ;1;0;0;0;0;1;1;0;1;0;1;0;Documento padrão de informações da assistência social junto a Defesa Civil;0; ; ; ; ; ; ; ; ; ; ; ; ; ; ; ;0; ; ; ; ; ; ; ; ; ;0;0;1;1;1;0;0;0;1;1;1;0; ;A Política de Assistência Social frente a pandemia e a continuidade dos serviços enquanto s atividade essencial, cofinanciamento 2020, euxílio emergencial, PETI, Gestão do Trabalho em tempos de pandemia;0; ; ; ; ; ; ; ;6;6;2;2;1;1;1;1;1;1;1;1;0; ;1;1;1;9;9;8;6;0;0;1;1;0;0;0;1;1;1;1;1;0;1;0;0; ;0;1;1;0;0; ;1;1;65;1;55;1;629;1;334;0; ;1;15;0; ;1;20;0; ;1;2; ;2016;0; ; ; ; ;0; ; ; ; ;1; ;5;4;0; ;42;4; ;0;0;1;0;0;0;0;0;1;1;0;0;0;0;1;0;0;0;0;0;0;0;0;0;0;0;0;0;1;1;0;0;0;0;0;0;0;0;0;0;1;0;1;0;0;0;0;1;1;0;1;0;1; ; ; ; ; ; ; ; ; ; ; ; ; ; ; ; ; ; ; ; ; ; ; ; ; ; ; ; ; ; ;0;0;1;1;0;0;0;1;1;1;1;1;0;1;0;0;2;2016; ;1; ;3;25;1;12; ;2;3;15; ;7;6;28;8;4; ;3; ;1;2;4;3;1;1;1; ; ;8;4; ;3; ;1;2;4;3;1;1;1; ; ;8;4; ;3; ;1;2;4;3;1;1;1; ; ;8;4; ;3; ;1;2;4;3;1;1;1; ; 
43;Secretaria de Trabalho e Assistência Social;3;Av. Borges de Medeiros;1501;8º andar;Centro;Centro Administrativo do Estado do Rio Grande do Sul;90119-900;PORTO ALEGRE;RS;das@stas.rs.gov.br;(51) 32886400;6483;(51) 32886526;-30.040.770.758.545.100;-51.231.071.949.005.100;2;0;0;0;0;1;1;0;0; ;2;2;2;2;2;2;2;2;2;2; ;1; ;1;0; ; ; ;1; ; ; ; ; ;1; ; ; ; ;1;1; ; ; ; ;0;0; ; ; ; ; ; ; ; ; ; ; ; ;0;1;0;0;0;0;0;0;0;0;0;0;0; ;0;0;0;0;0;1;0;1;0; ;1;0;0;0;0;1;0;1;0;0;1;0;Visita técnica para os municípios em situação de estiagem;0; ; ; ; ; ; ; ; ; ; ; ; ; ; ; ;0; ; ; ; ; ; ; ; ; ;0;1;1;1;1;0;0;0;1;1;1;0; ;Programa Acessuas Trabalho, Serviço de Convivência e Fortalecimento de Vínculos, PAIF, BPC na Escola, Programa Criança Feliz/e-PCF, Aprimoramento da PSB, Interface da PSB junto a outras políticas intersetoriais, Acolhimento de Pessoas Idosas, Regularização de parcerias entre o município e as instituições que ofertam serviços socioassistenciais. Gestão dop Cadastro Único, PBF, BPC, Condicionalidades do PBF, Auxílio Emergencial, Comitê Intersetorial, Recursos IGD, Regulamentação da Oferta dos Benefícios Eventuais, Orientação quanto à concessão dos Benefícios Eventuais, Gestão Financeira e Orçamentária.;0; ; ; ; ; ; ; ;6;6;2;2;1;1;1;1;1;1;1;1;1;1;1;1;1;7;0;4;3;0;1;0;1;0;0;0;1;1;1;1;1;0;0;0;0; ;0;1;1;1;0; ;1;1;22;0; ;1;781;0; ;0; ;0; ;0; ;0; ;2200; ;0; ; ; ;0; ; ; ; ;0; ; ; ; ;1; ;0;0;0; ;43;4; ;0;0;1;0;0;0;0;0;1;0;0;0;0;1;1;0;0;0;0;0;1;0;0;0;0;0;0;0;0;0;0;0;0;0;0;0;0;1;0;1;0;0;1;0;0;0;0;1;0;1;0;0;1; ; ; ; ; ; ; ; ; ; ; ; ; ; ; ; ; ; ; ; ; ; ; ; ; ; ; ; ; ;1;0;1;0;1;0;0;0;1;1;1;1;1;0;0;0;0; ; ; ;6;1;4;49;2;28; ;3; ;42;1;10;1;54; ; ; ; ; ; ; ; ; ; ; ; ; ; ; ; ; ; ; ; ; ; ; ; ; ; ; ; ; ; ; ; ; ; ; ; ; ; ; ; ; ; ; ; ; ; ; ; ; ; ; ; ; ; ; ; 
50;SECRETARIA DE ESTADO DE DIREITOS HUMANOS, ASSISTÊNCIA SOCIAL E TRABALHO;3;DESEMBARGADOR JOSÉ NUNES DA CUNHA, BLOCO III;0; ;JARDIM VERANEIO; ;79031-310;CAMPO GRANDE;MS;sedhast@sedhast.ms.gov.br;(67) 33184100;4141;(67) 33184111;-20.452.508.102.404.900;-54.553.685.188.293.400;2;0;0;0;0;1;1;1;1;Procon;1;1;1;2;1;1;1;1;2;1;2016; ;1; ;1;2018; ; ;1; ; ; ; ; ;1;1;0;0;0;0;1; ; ; ; ;1;1;1;1;Programa Vale Renda; ; ; ; ;Programa Vale Universidade;Programa Vale Universidade Indígena;Cestas alimentares indígenas; ; ;0;0;0;1;1;0;0;1;1;1;1;1;0; ;0;1;0;0;0;0;0;0;1; ;1;0;0;0;0;0;0;1;1;0;1;0;A Gestão Estadual em parceria com o CEAS está discutindo e elaborando proposta de regulamentação da temática, inclusive para as pessoas que estão sob a tutela do Estado.;0; ; ; ; ; ; ; ; ; ; ; ; ; ; ; ;1;1;0;0;1;1;0;0;0;0;1;0;1;1;1;0;0;0;1;1;1;1;Implantação do Observatório SUAS MS;Gestão SUAS no enfrentamento do;1;1;1;0;1;1;RH insuficiente, irregularidades CMAS;79;6;6;2;3;1;1;1;0;1;1;1;1;1;1;1;1;1;10;0;6;5;1;1;1;1;1;0;0;1;0;1;0;1;0;1;0;1;Implantação do Observatório SUAS MS e Boletim COVID-19 SUAS MS;0;1;1;0;0; ;1;1;46;0; ;1;1401;0; ;1;1;0; ;1;15;0; ;1005; ;2;1; ;2013;0; ; ; ; ;0; ; ; ; ;1; ;4;3;0; ;50;5; ;0;0;1;0;0;0;0;0;1;1;0;0;0;0;1;0;0;0;0;0;0;0;1;1;0;0;1;1;1;1;1;0;0;1;0;0;0;0;0;0;1;0;1;0;0;0;0;0;0;1;1;0;1; ; ; ; ; ; ; ; ; ; ; ; ; ; ;1;0;0;1;1;0;0;0;0;1;1;0;1;1;79;1;1;1;1;1;1;0;0;1;0;1;0;1;0;1;0;1;1;2013; ;6;2;25;75;16;30; ; ;12;73;1;22;6;102; ; ; ; ; ; ; ; ; ; ; ; ; ; ; ; ; ; ; ; ; ; ; ; ; ; ; ; ; ; ; ; ; ; ; ; ; ; ; ; ; ; ; ; ; ; ; ; ; ; ; ; ; ; ; ; 
51;SECRETARIA DE ESTADO DE ASSISTÊNCIA SOCIAL E CIDADANIA;32;JOÃO DOMINGOS DE CAMPOS;100; ;CENTRO POLITICO ADMINISTRATIVO; ;78049-931;CUIABA;MT;saas@setasc.mt.gov.br;(65) 36135711; ;-65;-15.566.489.859.605.300;-5.607.415.437.698.360;2;0;0;0;0;1;1;1;1;CIDADANIA E DEFESA DO CONSUMIDOR;1;1;1;1;1;1;1;1;1;1; ;1;0; ;0; ; ; ;1; ; ; ; ; ;1; ; ; ; ;1;1; ; ; ; ;1;0; ; ; ; ; ; ; ; ; ; ; ; ;0;0;0;1;1;0;0;0;0;1;1;0;1;ORIENTAÇÃO TÉCNICA ATRAVÉS DE VIDEOCONFERÊNCIA, EMAIL E WHAT APP;0;0;0;0;0;1;0;1;0; ;1;0;0;0;0;1;0;0;0;1;0;0; ;0; ; ; ; ; ; ; ; ; ; ; ; ; ; ; ;0; ; ; ; ; ; ; ; ; ;0;1;0;1;1;0;0;0;1;1;1;0; ;ENCONTRO TECNICO ESTADUAL PARA CUIDADORES DOS SERVIÇOS DE ACOLHIMENTO, ENCONTRO TÉCNICO ESTADUAL SCFV;0; ; ; ; ; ; ; ;6;6;2;2;1;1;1;1;1;1;1;1;1;0;1;0;1;5;0;4;1;0;1;1;0;0;0;0;0;0;1;1;1;0;0;0;0; ;0;1;1;1;0; ;2;1;3;0; ;1;501;0; ;0; ;0; ;0; ;0; ; ;1;2;2; ;2011;0; ; ; ; ;0; ; ; ; ; ; ; ; ; ; ;51;5; ;0;0;1;0;0;0;0;0;1;0;0;0;0;1;1;0;0;0;0;0;0;0;1;1;0;0;0;0;1;1;0;1;0;0;0;0;0;1;0;1;0;0;1;0;0;0;0;1;0;0;0;1;0; ; ; ; ; ; ; ; ; ; ; ; ; ; ; ; ; ; ; ; ; ; ; ; ; ; ; ; ; ;0;0;1;1;0;0;0;0;0;0;1;1;1;0;0;0;0;2;2011; ;7; ;9;65;6;26; ; ;9;55; ;16;3;74; ; ; ; ; ; ; ; ; ; ; ; ; ; ; ; ; ; ; ; ; ; ; ; ; ; ; ; ; ; ; ; ; ; ; ; ; ; ; ; ; ; ; ; ; ; ; ; ; ; ; ; ; ; ; ; 
52;SECRETARIA DE ESTADO DE DESENVOLVIMENTO SOCIAL;27;Dr. Pedro Ludovico Teixeira;332;Blocos A, B, C, D;Centro; ;74003-010;GOIANIA;GO;suas@goias.gov.br;(62) 32018056; ;-62;-1.668.063.635.115.390;-4.925.486.326.217.650;2;0;0;0;0;0;1;1;1;Mulher, Igualdade Racial e Sistema Socioeducativo;1;1;1;0;1;1;1;1;2;1;2015; ;1; ;0; ; ; ;1;0;0;0;1;0;0;1;0;0;0;0;1; ; ; ; ;0;0; ; ; ; ; ; ; ; ; ; ; ; ;0;1;1;1;1;1;1;1;1;1;1;1;0; ;0;0;0;1;0;1;0;0;1; ;1;0;0;0;0;1;0;0;1;0;0;0; ;0; ; ; ; ; ; ; ; ; ; ; ; ; ; ; ;0; ; ; ; ; ; ; ; ; ;1;1;1;1;1;1;1;0;1;1;1;0; ;Presenciais: RMA, Proteção Social Especial de Média e Alta Complexidade, Proteção Social Básica, Gestão do SUAS (Vigilância e Gestão do Trablaho),  Apoio técnico interado sobre o SUAS. REMOTOS: Videoconferências: Censo SUAS 2020, RMA CRAS e Creas, Segurança do Trabalhador frente ao cenário da Pandemia, recomendações da gestão do trabalho para gestores e trabalhadores do SUAS no enfrentamento à Covid-19, O apoio técnico como aprimoramento da gestão do SUAS, Trabalho Infantil, Violência Sexual, Trabalho infantil e Cadastro Único, Acolhimento de Crianças e Adolescentes, Centro Pop, Proteção Social Básica, Estruturação e implementação de Vigilância Socioassistencial, Orientação para a utilização dos recursos emergênciais,  Elaboração de Informativos sobre: Plano de Ação das ações socioassistenciais, RMA e SISC, ID CRAS, ID Conselho, Demonstrativo Sintético Físico Financeiro, Censo SUAS 2020, Termo de Aceite de recursos extraordinários, Legislações a serem observadas nas ações da Assistência Social em virtude da pandemia e outros.;0; ; ; ; ; ; ; ;6;6;2;2;1;1;1;1;1;1;1;1;0; ;1;1;1;10;0;3;3;1;0;1;1;0;0;0;0;1;1;1;1;0;0;0;0; ;0;1;1;0;0; ;1;0; ;0; ;0; ;0; ;0; ;0; ;0; ;0; ;0; ;1;1; ;2010;0; ; ; ; ;0; ; ; ; ;1; ;0;0;0; ;52;5; ;0;0;1;0;0;0;1;0;0;1;0;0;0;0;1;0;0;0;0;0;1;1;1;1;1;1;1;1;1;1;1;0;0;0;0;1;0;1;0;0;1;0;1;0;0;0;0;1;0;0;1;0;0; ; ; ; ; ; ; ; ; ; ; ; ; ; ; ; ; ; ; ; ; ; ; ; ; ; ; ; ; ; ;1;0;1;1;0;0;0;0;1;1;1;1;0;0;0;0;1;2010; ;1; ;43;52;3;21; ;3;5;80;10;5; ;95; ; ; ; ; ; ; ; ; ; ; ; ; ; ; ; ; ; ; ; ; ; ; ; ; ; ; ; ; ; ; ; ; ; ; ; ; ; ; ; ; ; ; ; ; ; ; ; ; ; ; ; ; ; ; ; 
