IBGE;q0_1;q0_2;q0_3;q0_4;q0_5;q0_6;q0_7;q0_8;q0_9;q0_10;q0_11;q0_12;q0_13;Latitude;Longitude;q1;q1_1;q2;q3;q4;q5;q6;q7;q8_1;q8_2;q8_3;q8_4;q8_5;q8_6;q8_7;q8_8;q8_9;q8_10;q8_11;q8_99;q8_99_1;q9_1;q9_2;q9_3;q9_4;q9_5;q9_6;q9_7;q9_8;q10_1;q10_2;q10_3;q10_4;q10_5;q10_6;q10_7;q10_8;q10_9;q10_10;q10_11;q10_12;q10_13;q10_14;q10_15;q11_1;q11_2;q12;q13;q14_1;q14_2;q15_1;q15_2;q16;q17;q18_1;q18_2;q18_3;q18_4;q18_5;q18_6;q18_7;q18_8;q19;q19_1;q20;q21_0;q21_1;q21_2;q21_3;q21_4;q21_5;q21_6;q21_7;q22;q23_0;q23_1;q23_2;q23_3;q23_4;q23_5;q23_6;q23_7;q24;q25_0;q25_1;q25_2;q25_3;q25_4;q25_99;q25_99_1;q26_1;q26_2;q26_3;q26_4;q26_99;q26_0;q26_99_1;q27;q27_99;q28_1;q28_2;q28_3;q28_4;q28_5;q28_6;q28_7;q28_8;q28_9;q28_10;q28_11;q28_12;q28_13;q28_14;q28_15;q28_16;q28_17;q28_18;q28_19;q28_20;q28_21;q28_22;q28_23;q28_24;q28_25;q28_26;q28_27;q28_28;q28_29;q28_30;q28_31;q28_32;q28_99;q28_99_1;q29;q30;q31;q32;q33;q34;q35;q36_1;q36_2;q36_3;q36_4;q36_5;q37;q38;q39;q40;q41;q41_98;q42_1;q42_2;q42_3;q42_4;q42_99;q42_99_1;q43_1;q43_2;q43_3;q43_4;q43_5;q43_6;q43_7;q43_8;q43_9;q43_10;q43_0;q43_99;q43_99_1;q44;q45_1;q45_2;q46;q47;q48_1;q48_1_98;q48_2;q48_2_98;q48_3;q48_3_98;q49;q50;q51;q52;q53;q53_98;q54_1;q54_1_98;q54_2;q54_2_98;q55_1;q55_2;q55_3;q55_99;q55_0;q55_99_1;q56;q56_98;q57;q57_98;q58;q59;q60;q61;q62;q63;q64_1;q64_2;q64_0;q65_1;q65_2;q65_3;q65_4;q65_5;q65_6;q65_99;q65_99_1;q66_1;q66_2;q66_3;q66_4;q66_99;q66_0;q66_99_1;q67_1_1;q67_2_1;q67_1_2;q67_2_2;q67_1_3;q67_2_3;q68_1_1;q68_2_1;q68_3_1;q68_1_2;q68_2_2;q68_3_2;q68_1_3;q68_2_3;q68_3_3;UF;Região;Q_incompleto;q1_velha;q1_1_velha;q2_velha;q3_velha;q5_velha;q6_velha;q8_1_velha;q8_2_velha;q8_3_velha;q8_4_velha;q8_5_velha;q8_6_velha;q8_7_velha;q8_8_velha;q8_9_velha;q8_10_velha;q8_11_velha;q8_99_velha;q13_velha;q14_1_velha;q14_2_velha;q21_0_velha;q21_1_velha;q21_2_velha;q21_3_velha;q21_4_velha;q21_5_velha;q21_6_velha;q21_7_velha;q22_velha;q23_0_velha;q23_1_velha;q23_2_velha;q23_3_velha;q23_4_velha;q23_5_velha;q23_6_velha;q23_7_velha;q24_velha;q25_0_velha;q25_1_velha;q25_2_velha;q25_3_velha;q25_4_velha;q25_99_velha;q26_0_velha;q26_1_velha;q26_2_velha;q26_3_velha;q26_4_velha;q26_99_velha;q27_velha;q28_1_velha;q28_2_velha;q28_3_velha;q28_4_velha;q28_5_velha;q28_6_velha;q28_7_velha;q28_8_velha;q28_9_velha;q28_10_velha;q28_11_velha;q28_12_velha;q28_13_velha;q28_14_velha;q28_15_velha;q28_16_velha;q28_17_velha;q28_18_velha;q28_19_velha;q28_20_velha;q28_21_velha;q28_22_velha;q28_23_velha;q28_24_velha;q28_25_velha;q28_26_velha;q28_27_velha;q28_28_velha;q28_29_velha;q28_30_velha;q28_31_velha;q28_32_velha;q28_99_velha;q45_1_velha;q45_2_velha;q47_velha;q48_1_velha;q48_1_98_velha;q48_2_velha;q48_2_98_velha;q48_3_velha;q48_3_98_velha;q49_velha;q55_0_velha;q55_1_velha;q55_2_velha;q55_3_velha;q55_99_velha;q65_1_velha;q65_2_velha;q65_3_velha;q65_4_velha;q65_5_velha;q65_6_velha;q65_99_velha;q66_0_velha;q66_1_velha;q66_2_velha;q66_3_velha;q66_4_velha;q66_99_velha;d1;d3;d5;d9_exclusivas;d9_exclusivas_categoria;d9_compartilhadas;d9_compartilhadas_categoria;d9_total;d9_total_categoria;d9_7;d11_exclusivos_categoria;d11_compartilhados_categoria;d14_1;d14_2;d15;d22;d41;d45_1;d45_2;d57
11;CONSELHO ESTADUAL DE ASSISTÊNCIA SOCIAL;Rua;DUQUE DE CAXIAS;654; ;CAIARÍ;Casa dos Conselhos - SEAS;76801-170;PORTO VELHO;RO;ceasrondonia@gmail.com;(69) 98472-8838; ;-8.761.262.983.711.580;-63.905.303.478.240.900;1995; ; Sim;2019; Sim;2017; Sim; Sim; Não; Não; Não; Não; Não; Não; Não; Não; Não; Não; Sim; Não; ;0;0;0;1;1;1;2; Sim; Não; Sim; Não; Sim; Sim; Sim; Sim; Não; Sim; Não; Sim; Sim; Sim; Sim; Não;0;3; Sim; Não;0;1; 5 dias por semana; 6 horas por dia; Sim; Sim; Não custeia; Não custeia; Na maioria das vezes; Na maioria das vezes; Não custeia; Não custeia; Não custeia; Na maioria das vezes;Não; ; Sim;Não; Sim; Sim; Sim; Sim; Sim; Sim;Não;13;Não; Sim; Sim;Não;Não;Não; Sim;Não; Todas as deliberações/resoluções são publicadas;Não; Sim;Não;Não; Sim; Sim;Grupos de WhatsApp; Sim;Não; Sim;Não;Não;Não; ; Sim;FEUSUAS; Sim; Sim; Sim; Sim; Sim; Sim;Não;Não;Não; Sim; Sim; Sim; Sim; Sim; Sim; Sim; Sim;Não;Não;Não; Sim; Sim; Sim; Sim; Sim;Não; Sim; Sim; Sim;Não;Não; Sim;Não; ; Sim; Sim; Quadrimestralmente; Sim, com regularidade; Sim, com regularidade; Sim; Sim; Semestralmente; Anualmente; Anualmente; Nunca; Anualmente; Sim; Sim; Sim; A(o) representante não é eleita(o), mas há conselheiras(os) na CIB de forma contínua;4; ; Sim; Sim; Sim;Não;Não; ; Sim; Sim; Sim; Sim; Sim; Sim; Sim; Sim; Sim; Sim;Não;Não; ;Não; ; ; Sim, por toda a rede socioassistencial (unidades públicas e entidades) do SUAS; Por meio de análise de relatórios; ; ; ; ; ; ; ; Sim; Sim;0;0; ;0; ;0; ; ; ; ; ; Sim; ;0; ;0; ; Sim; 2 anos; 1 vez; Sim; Sim; Eleitas(os) em assembleias instaladas especificamente para esse fim; Sim; Sim;Não; Sim; Sim; Sim;Não;Não; Sim;Não; ;Não; Sim;Não;Não;Não;Não; ;3;3;3;3;6;6;1;1;1;1;1;1;2;2;2;Rondonia;1;completo;1995; ;1;2019;2017;1;0;0;0;0;0;0;0;0;0;0;1;0;0;0;1;0;1;1;1;1;1;1;0;13;0;1;1;0;0;0;1;0;1;0;1;0;0;1;1;0;1;0;1;0;0;1;1;1;1;1;1;1;0;0;0;1;1;1;1;1;1;1;1;0;0;0;1;1;1;1;1;0;1;1;1;0;0;1;0; ; ;2; ; ; ; ; ; ; ;1;0;0;0;0;1;1;1;0;0;1;0;0;0;1;0;0;0;Até de 2005;De 2015 a 2019;De 2015 a 2019;0;Nenhuma sala exclusiva;2;De 2 a 3 salas compartilhadas;2;De 1 a 5 salas;De 2 a 3 banheiros;Nenhum computador exclusivo;De 1 a 3 computadores compartilhados;Até 2 funcionárias(os) exclusivas(os);Até 2 funcionárias(os) não exclusivas(os);De 30 a 39 horas/semana; De 9 a 16 reuniões;De 0 a 8 reuniões; ; ;menos de 1 mês
12;CONSELHO ESTADUAL DE ASSISTÊNCIA SOCIAL;Avenida;Nações Unidas;2731; ;ESTAÇÃO EXPERIMENTAL;CASA DOS CONSELHOS;69918-172;RIO BRANCO;AC;ceasacre@gmail.com;(68) 3227-4269; ;-9.966.694.963.563.890;-678.303.623.199.463;1996; ; Sim;2020; Sim;2020; Sim; Sim; Não; Não; Não; Não; Não; Não; Não; Não; Não; Não; Sim; Não; ;0;0;0;1;1;1;3; Não; Não; Não; Não; Sim; Não; Não; Não; Não; Sim; Sim; Não; Sim; Sim; Sim; Não;1;6; Sim; Não;0;2; 5 dias por semana; 8 horas por dia; Sim; Sim; Sempre que necessário; Na maioria das vezes; Sempre que necessário; Sempre que necessário; Sempre que necessário; Não custeia; Não custeia; Na minoria das vezes; Sim;Tutorial de boas vindas; Sim;Não;Não; Sim;Não;Não;Não;Não;Não;18;Não; Sim; Sim;Não;Não;Não;Não;Não; Todas as deliberações/resoluções são publicadas;Não;Não; Sim; Sim;Não;Não; ; Sim; Sim;Não;Não;Não;Não; ; Sim;Estado do Acre, e Senador Guiomard; Sim; Sim; Sim;Não;Não; Sim;Não;Não;Não; Sim; Sim; Sim; Sim; Sim; Sim; Sim; Sim; Sim; Sim; Sim; Sim;Não; Sim; Sim; Sim; Sim; Sim; Sim;Não; Sim;Não; Sim;Não; ; Sim; Sim; Trimestralmente; Sim, com regularidade; Sim, com regularidade; Sim; Sim; Mensalmente; Semestralmente; Semestralmente; Nunca; Nunca;Não;Não; Sim; A(o) representante não é eleita(o), mas há conselheiras(os) na CIB de forma contínua;3; ; Sim; Sim; Sim; Sim; Sim;Apoio Técnico; Sim; Sim; Sim; Sim; Sim; Sim; Sim; Sim; Sim; Sim;Não; Sim;Emendas parlamentares, prestação de contas; Sim;1;1; Sim, por toda a rede socioassistencial (unidades públicas e entidades) do SUAS; Ambas as formas;2; ;5; ;7; ;Não;Não;Não;0;0; ;0; ;0; ; ; ; ; ; Sim; ;0; ;0; ; Sim; 2 anos; 1 vez; Sim; Sim; Eleitas(os) em assembleias instaladas especificamente para esse fim; Sim; Sim;Não;Não;Não; Sim; Sim;Não; Sim;Não; ;Não; Sim;Não;Não;Não;Não; ;9;9;9;9;18;18;3;3;3;3;3;3;6;6;6;Acre;1;completo;1996; ;1;2020;2020;1;0;0;0;0;0;0;0;0;0;0;1;0;0;0;2;0;0;1;0;0;0;0;0;18;0;1;1;0;0;0;0;0;1;0;0;1;1;0;0;0;1;1;0;0;0;1;1;1;1;0;0;1;0;0;0;1;1;1;1;1;1;1;1;1;1;1;1;0;1;1;1;1;1;1;0;1;0;1;0;1;1;3;2; ;5; ;7; ;0;1;0;0;0;0;0;0;1;1;0;1;0;0;0;1;0;0;0;Até de 2005;De 2020 a 2023;De 2020 a 2023;0;Nenhuma sala exclusiva;2;De 2 a 3 salas compartilhadas;2;De 1 a 5 salas;De 2 a 3 banheiros;De 1 a 3 computadores exclusivos;De 4 a 6 computadores compartilhados;Até 2 funcionárias(os) exclusivas(os);Até 2 funcionárias(os) não exclusivas(os);De 40 a 49 horas/semana;De 17 a 20 reuniões;De 0 a 8 reuniões;1 a 2 conselheiros;1 a 2 conselheiros;menos de 1 mês
13;CONSELHO ESTADUAL DE ASSISTÊNCIA SOCIAL;Avenida;Darcy Vargas;77; ;Chapada;Em frente ao Amazonas Shopping.;69050-020;MANAUS;AM;ceasamazonas@gmail.com;(92) 98201-0226; ;-30.927.041.310.525.000;-6.002.250.552.177.420;1995; ; Não; ; Sim;2019; Sim; Sim; Não; Não; Não; Não; Não; Não; Não; Não; Não; Não; Não; Sim;COEGEMAS;0;1;1;0;0;0;2; Sim; Não; Não; Sim; Sim; Sim; Sim; Sim; Sim; Não; Sim; Sim; Sim; Sim; Sim; Não;8;0; Sim; Sim;5;0; 5 dias por semana; 8 horas por dia;Não sabe; Sim; Na maioria das vezes; Na maioria das vezes; Na maioria das vezes; Na maioria das vezes; Na maioria das vezes; Não custeia; Não custeia; Não custeia; Sim;APRIMORAMENTO DOS SERVIÇOS DO SUAS; Sim;Não; Sim; Sim; Sim; Sim; Sim;Não;Não;10;Não; Sim;Não;Não;Não;Não;Não;Não; Todas as deliberações/resoluções são publicadas;Não; Sim; Sim;Não;Não;Não; ;Não;Não;Não; Sim;Não;Não; ; Sim;FORUM DE USUÁRIOS; Sim; Sim; Sim; Sim; Sim; Sim; Sim; Sim; Sim; Sim; Sim;Não; Sim;Não;Não;Não;Não; Sim; Sim; Sim; Sim; Sim; Sim; Sim;Não;Não;Não; Sim;Não;Não;Não;Não;Não; ; Sim; Sim; Semestralmente; Sim, com regularidade; Sim, com regularidade; Sim; Sim; Anualmente; Anualmente; Anualmente; Anualmente; Semestralmente; Sim; Sim; Sim; A(o) representante não é eleita(o), mas há conselheiras(os) na CIB de forma contínua; ; Sim; Sim; Sim; Sim; Sim;Não; ;Não; Sim;Não;Não; Sim;Não;Não;Não;Não;Não;Não;Não; ; Sim;1;1; Sim, apenas a rede socioassistencial realizada por entidades do SUAS; Ambas as formas; ; Sim; ; Sim; ; Sim; Sim; Sim; Sim;0;0; ;0; ;0; ; ; ; ; ; Sim; ;0; ;0; ; Não tem parceria; 2 anos; 1 vez; Sim; Sim; Eleitas(os) em assembleias instaladas especificamente para esse fim;Não; Sim;Não; Sim;Não;Não;Não; Sim; Sim;Não; ; Sim; Sim;Não;Não;Não;Não; ;9;9;9;9;18;18;3;3;3;3;3;3;6;6;6;Amazonas;1;completo;1995; ;0; ;2019;1;0;0;0;0;0;0;0;0;0;0;0;1;1;5;0;0;1;1;1;1;1;0;0;10;0;1;0;0;0;0;0;0;1;0;1;1;0;0;0;0;0;0;0;1;0;1;1;1;1;1;1;1;1;1;1;1;1;0;1;0;0;0;0;1;1;1;1;1;1;1;0;0;0;1;0;0;0;0;0;1;1;3; ;1; ;1; ;1;1;1;0;0;0;0;1;0;0;0;1;1;0;0;1;1;0;0;0;Até de 2005; ;De 2015 a 2019;1;1 sala exclusiva;0;Nenhuma sala compartilhada;1;De 1 a 5 salas;De 2 a 3 banheiros;De 7 a 10 computadores exclusivos;Nenhum computador compartilhado;De 3 a 5 funcionárias(os) exclusivas(os);Até 2 funcionárias(os) não exclusivas(os);De 40 a 49 horas/semana; De 9 a 16 reuniões; ;1 a 2 conselheiros;1 a 2 conselheiros;menos de 1 mês
14;CONSELHO ESTADUAL DE ASSISTÊNCIA SOCIAL;Avenida;MARIO HOMEM DE MELO;2310; ;MECEJANA;ANEXO A SECRETARIA DE ESTADO DO TRABALHO E BEM-ESTAR SOCIAL   CASA DOS CONSELHOS;69304-350;BOA VISTA;RR;ceas_rr@hotmail.com;(95) 3224-9883; ;28.232.989.288.640.800;-6.069.354.837.614.810;1996; ; Não; ; Sim;2018; Sim; Sim; Não; Não; Não; Não; Não; Não; Não; Não; Não; Não; Sim; Não; ;1;1;1;0;1;0;2; Não; Não; Não; Não; Sim; Não; Não; Não; Não; Sim; Sim; Não; Não; Não; Sim; Não;4;0; Sim; Sim;3;0; 5 dias por semana; 6 horas por dia; Sim; Sim; Não custeia; Não custeia; Sempre que necessário; Sempre que necessário; Sempre que necessário; Não custeia; Não custeia; Sempre que necessário;Não; ; Sim;Não;Não; Sim;Não;Não;Não;Não;Não;24;Não; Sim; Sim;Não;Não;Não;Não;Não; Todas as deliberações/resoluções são publicadas;Não; Sim;Não;Não;Não;Não; ;Não;Não;Não;Não;Não; Sim; ;Não; ; Sim; Sim; Sim;Não; Sim;Não;Não;Não;Não; Sim;Não;Não;Não; Sim; Sim; Sim;Não;Não; Sim;Não; Sim;Não;Não; Sim;Não;Não;Não; Sim;Não;Não;Não; Sim;Não; ; Sim;Não; Semestralmente; Não; Sim, com regularidade;Não; Sim; Nunca; Nunca; Anualmente; Nunca; Nunca;Não;Não; Sim; não há representação do CEAS na CIB;0; ; Sim; Sim; Sim;Não;Não; ;Não;Não;Não;Não; Sim;Não;Não;Não;Não;Não;Não;Não; ;Não; ; ; Sim, apenas a rede socioassistencial realizada por unidades públicas do SUAS; Ambas as formas;7; ; ; Sim; ; Sim; Sim;Não;Não;0; ; Sim; ; Sim; ; Sim;Não;Não;Não; Sim;Não;CEAS NÃO REALIZA INSCRIÇÃO ENTIDADES; ; Sim; ; Sim; Não; 2 anos; 1 vez; Sim; Sim; Eleitas(os) em assembleias instaladas especificamente para esse fim; Sim; Sim;Não;Não;Não;Não;Não; Sim;Não;Não; ; Sim; Sim;Não;Não;Não;Não; ;5;6;5;6;10;12;2;2;2;2;2;2;4;4;4;Roraima;1;completo;1996; ;0; ;2018;1;0;0;0;0;0;0;0;0;0;0;1;0;1;3;0;0;0;1;0;0;0;0;0;24;0;1;1;0;0;0;0;0;1;0;1;0;0;0;0;1;0;0;0;0;0;0;1;1;1;0;1;0;0;0;0;1;0;0;0;1;1;1;0;0;1;0;1;0;0;1;0;0;0;1;0;0;0;1;0; ; ;3;7; ; ;1; ;1;1;0;0;0;0;1;0;0;0;0;1;0;0;0;1;1;0;0;0;Até de 2005; ;De 2015 a 2019;2;De 2 a 3 salas exclusivas;1;1 sala compartilhada;3;De 1 a 5 salas;De 2 a 3 banheiros;De 4 a 6 computadores exclusivos;Nenhum computador compartilhado;De 3 a 5 funcionárias(os) exclusivas(os);Até 2 funcionárias(os) não exclusivas(os);De 30 a 39 horas/semana;De 21 a 30 reuniões;De 0 a 8 reuniões; ; ; 
15;CONSELHO ESTADUAL DE ASSISTÊNCIA SOCIAL;Avenida;ALMIRANTE BARROSO;1765;travessa Angustura/ Travessa Lomas Valentina;MARCO;ENFRENTE AO HOSPITAL ADVENTISTA DE BELÉM;66010-150;BELEM;PA;ceas2013pa@gmail.com;(91) 3233-2471; ;-14.348.747.306.133.500;-4.845.780.730.247.490;1996; ; Sim;2023; Sim;2008; Sim; Sim; Não; Não; Não; Não; Não; Não; Não; Não; Não; Não; Não; Sim;Centro Integrado de Inclusão e Cidadania;2;0;2;0;1;0;4; Sim; Sim; Não; Não; Sim; Não; Sim; Sim; Não; Não; Sim; Sim; Sim; Sim; Sim; Não;5;0; Sim; Sim;6;0; 5 dias por semana; 8 horas por dia; Sim; Sim; Sempre que necessário; Sempre que necessário; Sempre que necessário; Sempre que necessário; Não custeia; Sempre que necessário; Sempre que necessário; Sempre que necessário; Sim;Oficinas de Capacitação, abordando, legislação do SUAS, programas serviços e proetos, estrutura, funcionamento e competencias do Conselho; Sim;Não; Sim; Sim;Não;Não;Não;Não;Não;12;Não;Não;Não;Não;Não;Não; Sim;Não; Todas as deliberações/resoluções são publicadas;Não; Sim; Sim;Não;Não;Não; ;Não; Sim;Não;Não;Não;Não; ;Não; ; Sim; Sim; Sim;Não;Não;Não;Não;Não;Não; Sim;Não;Não;Não;Não;Não;Não;Não;Não;Não;Não;Não;Não; Sim;Não;Não;Não;Não;Não;Não;Não;Não;Não;Não; ;Não; Sim; Quadrimestralmente; Sim, com regularidade; Sim, com regularidade; Sim; Sim; Nunca; Semestralmente; Semestralmente; Nunca; Nunca;Não;Não; Sim; A(o) representante não é eleita(o), mas há conselheiras(os) na CIB de forma contínua;4; ;Não;Não; Sim;Não; Sim;Assessoramento técnico;Não;Não;Não;Não; Sim;Não;Não;Não;Não;Não;Não;Não; ; Sim;1;1; Não fiscaliza; ; ; ; ; ; ; ; ;Não;Não;0;0; ;0; ;0; ; ; ; ; ; Sim; ;0; ;0; ; Não tem parceria; 2 anos; 1 vez; Sim; Sim; Eleitas(os) em assembleias instaladas especificamente para esse fim; Sim; Sim;Não;Não;Não;Não;Não;Não; Sim;Não; ; Sim;Não;Não;Não;Não;Não; ;12;12;12;12;24;24;4;4;4;4;4;4;8;8;8;Pará;1;completo;1996; ;1;2023;2008;1;0;0;0;0;0;0;0;0;0;0;0;1;1;6;0;0;1;1;0;0;0;0;0;12;0;0;0;0;0;0;1;0;1;0;1;1;0;0;0;0;0;1;0;0;0;0;1;1;1;0;0;0;0;0;0;1;0;0;0;0;0;0;0;0;0;0;0;0;1;0;0;0;0;0;0;0;0;0;0;1;1; ; ; ; ; ; ; ; ;1;0;0;0;0;0;0;0;0;0;1;0;0;1;0;0;0;0;Até de 2005;De 2020 a 2023;De 2005 a 2008;2;De 2 a 3 salas exclusivas;1;1 sala compartilhada;3;De 1 a 5 salas;De 4 a 5 banheiros;De 4 a 6 computadores exclusivos;Nenhum computador compartilhado;De 6 a 10 funcionárias(os) exclusivas(os);Até 2 funcionárias(os) não exclusivas(os);De 40 a 49 horas/semana; De 9 a 16 reuniões;De 0 a 8 reuniões;1 a 2 conselheiros;1 a 2 conselheiros;menos de 1 mês
16;CONSELHO ESTADUAL DE ASSISTÊNCIA SOCIAL;Rua;Claudomiro de Moraes;1079; ;Buritizal;Central dos Conselhos de Direitos do Amapá;68904-001;MACAPA;AP;conselhoasap@gmail.com;(96) 0000-0000; ;0.0166595;-510.806.969;1995; ; Sim;1995; Sim;1995; Sim; Sim; Não; Não; Não; Não; Não; Não; Não; Não; Não; Não; Sim; Não; ;0;0;1;0;0;0;2; Sim; Não; Não; Não; Sim; Não; Não; Não; Sim; Sim; Não; Sim; Sim; Sim; Sim; Não;3;0; Sim; Sim;3;0; 5 dias por semana; 10 horas por dia; Sim; Sim; Sempre que necessário; Não custeia; Na maioria das vezes; Sempre que necessário; Sempre que necessário; Sempre que necessário; Sempre que necessário; Na minoria das vezes;Não; ; Sim;Não; Sim; Sim;Não;Não;Não;Não;Não;17;Não; Sim; Sim;Não;Não;Não;Não;Não; Todas as deliberações/resoluções são publicadas; Sim; ; ; ; ; ; ; ; ; ; ; ; ; ; ; ; ; ; ; ; ; ; ; ; ; ; ; ; ; ; ; ; ; ; ; ; ; ; ; ; ; ; ; ; ; ; ; ; ; ;Não;Não; Anualmente; Sim, com regularidade; Não; Sim;Não; Mensalmente; Nunca;Trimestralmente; Nunca; Nunca;Não;Não; Sim; A(o) representante é eleita(o) pelo CEAS e frequenta a CIB de forma contínua;9; ; Sim; Sim; Sim; Sim; Sim;Apoio técnico, monitoramento, acompanhamento dos processos eleitoral.;Não;Não; Sim;Não; Sim; Sim;Não;Não; Sim; Sim;Não;Não; ;Não; ; ; Sim, por toda a rede socioassistencial (unidades públicas e entidades) do SUAS; Ambas as formas;13; ;4; ;17; ; Sim;Não;Não;0;0; ;0; ;0; ; ; ; ; ; Sim; ;0; ;0; ; Sim; 2 anos; 1 vez; Sim; Sim; Eleitas(os) em assembleias instaladas especificamente para esse fim; Sim; Sim;Não; Sim; Sim; Sim;Não; Sim; Sim;Não; ; Sim; Sim;Não;Não;Não;Não; ;8;8;8;8;16;16;2;3;3;2;3;3;4;6;6;Amapá;1;completo;1995; ;1;1995;1995;1;0;0;0;0;0;0;0;0;0;0;1;0;1;3;0;0;1;1;0;0;0;0;0;17;0;1;1;0;0;0;0;0;1;1;0;0;0;0;0; ; ; ; ; ; ; ; ; ; ; ; ; ; ; ; ; ; ; ; ; ; ; ; ; ; ; ; ; ; ; ; ; ; ; ; ; ; ; ; ; ; ;3;13; ;4; ;17; ;1;1;0;0;0;0;1;1;1;0;1;1;0;0;1;1;0;0;0;Até de 2005;De 1995 a 1997;De 1995 a 1997;0;Nenhuma sala exclusiva;0;Nenhuma sala compartilhada;0;Nenhuma sala;De 2 a 3 banheiros;De 1 a 3 computadores exclusivos;Nenhum computador compartilhado;De 3 a 5 funcionárias(os) exclusivas(os);Até 2 funcionárias(os) não exclusivas(os);Mais de 49 horas/semana;De 17 a 20 reuniões; De 9 a 16 reuniões; ; ;menos de 1 mês
17;CONSELHO ESTADUAL DE ASSISTÊNCIA SOCIAL;Quadra;401 Sul Avenida Joaquim Teotônio Segurado;42;Edifício Gold Star;Centro;Ao lado da Santa Maria Veículos.;77015-550;PALMAS;TO;ceastocantins@gmail.com;(63) 3218-1938; ;-10.209.529.903.797.100;-48.333.963.274.890.200;1995; ; Sim;2009; Sim;2018; Sim; Sim; Não; Não; Não; Sim; Não; Não; Não; Não; Sim; Não; Sim; Sim;Gerência de Segurança Alimentar e Nutricional e Família Acolhedora.;0;0;1;0;1;0;3; Não; Não; Não; Não; Sim; Sim; Não; Não; Não; Sim; Sim; Sim; Sim; Sim; Sim; Não;3;0; Sim; Sim;3;1; 5 dias por semana; 6 horas por dia; Sim; Sim; Sempre que necessário; Sempre que necessário; Na maioria das vezes; Na maioria das vezes; Sempre que necessário; Na maioria das vezes; Na maioria das vezes; Na maioria das vezes;Não; ; Sim;Não; Sim; Sim;Não;Não;Não;Não;Não;9;Não; Sim; Sim;Não;Não;Não;Não;Não; Todas as deliberações/resoluções são publicadas;Não; Sim;Não;Não;Não;Não; ;Não;Não;Não;Não;Não; Sim; ; Sim;Fórum de Usuários do SUAS; Sim; Sim; Sim; Sim;Não;Não;Não;Não;Não; Sim; Sim;Não; Sim;Não; Sim; Sim;Não;Não;Não;Não; Sim; Sim;Não; Sim;Não;Não;Não;Não;Não;Não;Não;Não;Não; ; Sim; Sim; Trimestralmente; Sim, sem regularidade; Sim, sem regularidade; Sim; Sim; Anualmente; Nunca; Nunca; Nunca; Nunca; Sim; Sim; Sim; A(o) representante é eleita(o) pelo CEAS e frequenta a CIB de forma contínua;5; ; Sim; Sim; Sim;Não;Não; ;Não;Não;Não;Não; Sim;Não;Não;Não;Não;Não;Não;Não; ; Sim;1;1; Sim, por toda a rede socioassistencial (unidades públicas e entidades) do SUAS; Por meio de visitas;0; ;0; ;0; ;Não;Não;Não;0;0; ;0; ;0; ; ; ; ; ; Sim; ;0; ;0; ; Não; 2 anos; 1 vez; Sim; Sim; Eleitas(os) em assembleias instaladas especificamente para esse fim; Sim; Sim;Não;Não;Não;Não;Não;Não; Sim;Não; ;Não; Sim;Não;Não;Não;Não; ;6;6;6;6;12;12;2;2;2;2;2;2;4;4;4;Tocantins;1;completo;1995; ;1;2009;2018;1;0;0;0;1;0;0;0;0;1;0;1;1;1;3;1;0;1;1;0;0;0;0;0;9;0;1;1;0;0;0;0;0;1;0;1;0;0;0;0;1;0;0;0;0;0;1;1;1;1;1;0;0;0;0;0;1;1;0;1;0;1;1;0;0;0;0;1;1;0;1;0;0;0;0;0;0;0;0;0;1;1;1;0; ;0; ;0; ;0;1;0;0;0;0;0;0;0;0;0;1;0;0;0;1;0;0;0;Até de 2005;De 2009 a 2014;De 2015 a 2019;0;Nenhuma sala exclusiva;1;1 sala compartilhada;1;De 1 a 5 salas;De 2 a 3 banheiros;De 1 a 3 computadores exclusivos;Nenhum computador compartilhado;De 3 a 5 funcionárias(os) exclusivas(os);Até 2 funcionárias(os) não exclusivas(os);De 30 a 39 horas/semana; De 9 a 16 reuniões;De 0 a 8 reuniões;1 a 2 conselheiros;1 a 2 conselheiros;menos de 1 mês
21;CONSELHO ESTADUAL DE ASSISTÊNCIA SOCIAL;Rua;Rua Cento e Cinco;100;AO LADO DA UPA DO VINHAIS;Vinhais;Ao lado da Unidade de Pronto Atendimento - UPA do Vinhaisantigo CSU.;65071-215;SAO LUIS;MA;ceasma.diretoria@yahoo.com.br;(98) 99104-5229; ;-25.107.950.827.403.700;-44.254.045.486.450.100;1995; ; Não; ; Sim;2009; Sim; Sim; Não; Não; Não; Não; Não; Não; Não; Não; Sim; Não; Sim; Sim;NA/AA/ALANON/AOMA/ESCOTEIROS/FÓRUNS DE USUÁRIOS DO SUAS/TRABALHADORES DO SUAS/ ENTIDADES DO SUAS;6;1;3;0;0;0;12; Sim; Não; Não; Sim; Sim; Não; Não; Sim; Sim; Não; Sim; Sim; Sim; Sim; Sim; Sim;6;0; Sim; Sim;7;11; 6 dias por semana; 8 horas por dia; Sim; Sim; Sempre que necessário; Sempre que necessário; Na maioria das vezes; Na maioria das vezes; Na minoria das vezes; Não custeia; Não custeia; Não custeia; Sim;A IMPORTÂNCIA DO CONTROLE SOCIAL NO FORTALECIMENTO DO SUAS; Sim;Não; Sim; Sim;Não;Não;Não;Não;Não;8;Não; Sim; Sim;Não;Não;Não;Não;Não; Todas as deliberações/resoluções são publicadas;Não; Sim;Não;Não;Não;Não; ; Sim;Não;Não;Não;Não;Não; ; Sim;FEUSUAS/MEPOPRUA; Sim; Sim; Sim; Sim; Sim; Sim;Não;Não; Sim; Sim; Sim;Não;Não; Sim; Sim; Sim;Não;Não;Não;Não; Sim; Sim; Sim; Sim; Sim;Não; Sim; Sim; Sim; Sim;Não;Não;Não; ; Sim; Sim; Anualmente; Sim, com regularidade; Sim, sem regularidade; Sim; Sim; Nunca; Nunca; Nunca; Anualmente; Anualmente;Não;Não; Sim; A(o) representante é eleita(o) pelo CEAS e frequenta a CIB de forma contínua;5; ;Não; Sim; Sim; Sim;Não; ;Não;Não; Sim; Sim; Sim;Não;Não;Não;Não; Sim;Não;Não; ;Não; ; ; Não fiscaliza; ; ; ; ; ; ; ; ;Não;Não;0;0; ;0; ;0; ; ; ; ; ; Sim; ;0; ;0; ; Não; 2 anos; 1 vez; Sim; Sim; Eleitas(os) em assembleias instaladas especificamente para esse fim; Sim; Sim;Não; Sim; Sim; Sim; Sim;Não; Sim;Não; ; Sim; Sim;Não;Não;Não;Não; ;9;9;9;9;18;18;2;3;4;2;3;4;4;6;8;Maranhão;2;completo;1995; ;0; ;2009;1;0;0;0;0;0;0;0;0;1;0;1;1;1;7;11;0;1;1;0;0;0;0;0;8;0;1;1;0;0;0;0;0;1;0;1;0;0;0;0;0;1;0;0;0;0;1;1;1;1;1;1;1;0;0;1;1;1;0;0;1;1;1;0;0;0;0;1;1;1;1;1;0;1;1;1;1;0;0;0; ; ; ; ; ; ; ; ; ; ;1;0;0;0;0;1;1;1;1;0;1;0;0;1;1;0;0;0;Até de 2005; ;De 2009 a 2014;7;De 6 a 7 salas exclusivas;0;Nenhuma sala compartilhada;7;De 6 a 10 salas;8 ou mais banheiros;De 4 a 6 computadores exclusivos;Nenhum computador compartilhado;De 6 a 10 funcionárias(os) exclusivas(os);De 11 a 20 funcionárias(os) não exclusivas(os);De 40 a 49 horas/semana;De 0 a 8 reuniões;De 0 a 8 reuniões; ; ;menos de 1 mês
22;CONSELHO ESTADUAL DE ASSISTÊNCIA SOCIAL;Avenida;AV. PINEL;620; ;CABRAL;IGREJA DO BAIRRO CABRAL;64000-650;TERESINA;PI;ceas.conselho@gmail.com;(86) 3221-6681; ;-5.082.459.028.636.610;-42.801.489.829.689.600;1995; ; Sim;1996; Sim;2011; Sim; Sim; Não; Não; Não; Não; Não; Não; Não; Não; Não; Não; Sim; Não; ;1;1;1;0;1;0;3; Sim; Não; Não; Não; Sim; Não; Não; Não; Não; Sim; Sim; Não; Sim; Sim; Sim; Não;2;0; Sim; Sim;2;0; 5 dias por semana; 6 horas por dia; Não; Sim; Não custeia; Não custeia; Sempre que necessário; Sempre que necessário; Sempre que necessário; Não custeia; Não custeia; Não custeia;Não; ; Sim;Não;Não;Não; Sim;Não;Não;Não;Não;14;Não; Sim;Não;Não;Não;Não;Não;Não; Todas as deliberações/resoluções são publicadas;Não;Não; Sim;Não;Não;Não; ;Não;Não;Não;Não;Não; Sim; ;Não; ; Sim; Sim; Sim;Não;Não;Não;Não;Não;Não;Não;Não;Não;Não;Não;Não; Sim;Não;Não;Não;Não;Não;Não;Não; Sim;Não;Não;Não;Não;Não;Não;Não;Não;Não; ;Não;Não; Anualmente; Sim, sem regularidade; Sim, sem regularidade; Sim;Não; Mensalmente; Nunca; Nunca; Semestralmente; Anualmente;Não;Não; Sim; A(o) representante não é eleita(o), e há conselheira(os) na CIB de forma esporádica;4; ;Não;Não; Sim;Não;Não; ; Sim; Sim;Não;Não; Sim;Não;Não;Não;Não;Não;Não;Não; ; Sim;1;1; Sim, por toda a rede socioassistencial (unidades públicas e entidades) do SUAS; Ambas as formas;1; ;1; ;2; ;Não; Sim;Não;0;0; ;0; ;0; ; ; ; ; ; Sim; ;0; ;0; ; Não; 2 anos; 1 vez; Sim; Sim; Eleitas(os) em assembleias instaladas especificamente para esse fim; Sim;Não;Não; Sim; Sim;Não;Não; Sim;Não;Não; ; Sim; Sim;Não;Não;Não;Não; ;8;9;8;7;16;16;3;3;3;3;1;3;6;4;6;Piaui;2;completo;1995; ;1;1996;2011;1;0;0;0;0;0;0;0;0;0;0;1;0;1;2;0;0;0;0;1;0;0;0;0;14;0;1;0;0;0;0;0;0;1;0;0;1;0;0;0;1;0;0;0;0;0;0;1;1;1;0;0;0;0;0;0;0;0;0;0;0;0;1;0;0;0;0;0;0;0;1;0;0;0;0;0;0;0;0;0;1;1;3;1; ;1; ;2; ;0;1;0;0;0;0;1;1;0;0;1;0;0;0;1;1;0;0;0;Até de 2005;De 1995 a 1997;De 2009 a 2014;2;De 2 a 3 salas exclusivas;1;1 sala compartilhada;3;De 1 a 5 salas;De 2 a 3 banheiros;De 1 a 3 computadores exclusivos;Nenhum computador compartilhado;Até 2 funcionárias(os) exclusivas(os);Até 2 funcionárias(os) não exclusivas(os);De 30 a 39 horas/semana; De 9 a 16 reuniões;De 0 a 8 reuniões;1 a 2 conselheiros;1 a 2 conselheiros;menos de 1 mês
23;CONSELHO ESTADUAL DE ASSISTÊNCIA SOCIAL;Rua;SILVA PAULET;334; ;MEIRELES; ;60120-020;FORTALEZA;CE;ceas.ce@hotmail.com;(85) 3101-3007; ;-37.467.545.806.850.100;-3.850.926.876.068.110;1995; ; Sim;2008; Sim;2020; Sim; Sim; Não; Não; Não; Não; Não; Não; Não; Não; Não; Não; Sim; Sim;Comissão Intergestores Bipoartite - CIB, Secretaria dos Povos Indiginas do Estado do Ceará, Conselho Estadual dos Direitos da Criança e Adolescentes- Cedca, Conselho de Segurança Alimentar e Nutricional, Conselho Estadual dos Direitos da População em Situação de Rua e em Superação de Situação de Rua - CEPOP, Secretaria de Igauldade Racial do Estado Ceará e Secretaria da Diveridade Contra a LGBTFOIBA do Estado do Ceará;2;1;1;1;1;1;4; Sim; Sim; Não; Não; Sim; Sim; Sim; Sim; Não; Sim; Sim; Sim; Sim; Sim; Sim; Não;6;2; Sim; Sim;5;3; 5 dias por semana; 8 horas por dia; Sim; Sim; Sempre que necessário; Sempre que necessário; Sempre que necessário; Sempre que necessário; Sempre que necessário; Não custeia; Não custeia; Não custeia; Sim;Capacitação Introdutória, As reuniões plenárias, as materias que serão apreciadas sempre são acompanhada por uma apresentação; Sim;Não; Sim; Sim;Não;Não; Sim; Sim; Sim;14;Não; Sim; Sim;Não;Não;Não; Sim;Não; Todas as deliberações/resoluções são publicadas;Não; Sim;Não; Sim; Sim; Sim;Site; Sim; Sim; Sim; Sim;Não;Não; ; Sim;Movimento de Coletivos e movimentos para instalação do Fórum Estadual dos(as) Usuários(as) do Estado do Ceará; Sim; Sim; Sim; Sim; Sim; Sim; Sim;Não;Não; Sim; Sim; Sim; Sim; Sim;Não; Sim;Não; Sim; Sim; Sim; Sim; Sim; Sim; Sim; Sim; Sim; Sim; Sim; Sim; Sim; Sim; Sim;Não; ; Sim; Sim; Mensalmente; Sim, com regularidade; Sim, com regularidade; Sim; Sim;Trimestralmente; Semestralmente; Semestralmente;Trimestralmente;Trimestralmente;Não;Não; Sim; A(o) representante é eleita(o) pelo CEAS e frequenta a CIB de forma contínua;9; ; Sim; Sim; Sim; Sim; Sim;Orientações sistemáticas de funcionamento dos CMAS, Inscrições de Entidades; Sim; Sim; Sim; Sim; Sim; Sim; Sim; Sim; Sim; Sim;Não;Não; ; Sim;1;1; Sim, apenas a rede socioassistencial realizada por unidades públicas do SUAS; Ambas as formas;4; ;0; ;4; ; Sim; Sim; Sim;0;0; ;0; ;0; ; ; ; ; ; Sim; ;0; ;0; ; Sim; 2 anos; 1 vez; Sim; Sim; Eleitas(os) em assembleias instaladas especificamente para esse fim; Sim;Não;Não; Sim; Sim; Sim; Sim; Sim;Não;Não; ; Sim; Sim; Sim;Não;Não;Não; ;9;9;9;9;18;18;3;3;3;3;3;3;6;6;6;Ceará;2;completo;1995; ;1;2008;2020;1;0;0;0;0;0;0;0;0;0;0;1;1;1;5;3;0;1;1;0;0;1;1;1;14;0;1;1;0;0;0;1;0;1;0;1;0;1;1;1;0;1;1;1;1;0;1;1;1;1;1;1;1;1;0;0;1;1;1;1;1;0;1;0;1;1;1;1;1;1;1;1;1;1;1;1;1;1;1;0;1;1;3;4; ;0; ;4; ;1;1;0;0;0;0;1;1;1;1;1;0;0;0;1;1;1;0;0;Até de 2005;De 2005 a 2008;De 2020 a 2023;3;De 2 a 3 salas exclusivas;2;De 2 a 3 salas compartilhadas;5;De 1 a 5 salas;De 4 a 5 banheiros;De 4 a 6 computadores exclusivos;De 1 a 3 computadores compartilhados;De 3 a 5 funcionárias(os) exclusivas(os);De 3 a 5 funcionárias(os) não exclusivas(os);De 40 a 49 horas/semana; De 9 a 16 reuniões; De 9 a 16 reuniões;1 a 2 conselheiros;1 a 2 conselheiros;menos de 1 mês
24;CONSELHO ESTADUAL DE ASSISTÊNCIA SOCIAL;Rua;Nossa Senhora da Candelária;0;lado do SINE;Candelária;Vizinho a OAB/RN;59065-490;NATAL;RN;ceaspotiguar@gmail.com;(41) 99133-2317; ;-5.838.084.518.052.890;-3.522.054.344.410.200;1995; ; Sim;2009; Sim;1995; Sim; Sim; Não; Não; Não; Não; Não; Não; Não; Não; Não; Não; Sim; Não; ;0;0;1;1;1;0;3; Sim; Não; Não; Não; Sim; Não; Não; Não; Sim; Não; Sim; Sim; Sim; Não; Sim; Não;3;0; Sim; Sim;2;0; 5 dias por semana; 8 horas por dia; Sim; Sim; Sempre que necessário; Na maioria das vezes; Sempre que necessário; Sempre que necessário; Na minoria das vezes; Não custeia; Sempre que necessário; Sempre que necessário; Sim;GESTÃO DO CONTROLE SOCIAL NA POLÍTICA DE ASSISTÊNCIA SOCIAL; Sim;Não; Sim; Sim;Não;Não;Não; Sim;Não;9;Não; Sim;Não;Não;Não;Não;Não;Não; Todas as deliberações/resoluções são publicadas;Não; Sim; Sim;Não; Sim;Não; ;Não; Sim;Não;Não;Não;Não; ; Sim;COEGEMAS, MOVIMENTO DE POPULAÇÃO EM SITUAÇÃO DE RUA;Não; Sim; Sim; Sim; Sim;Não;Não;Não;Não;Não;Não;Não;Não;Não; Sim; Sim;Não;Não;Não;Não; Sim; Sim; Sim; Sim; Sim;Não;Não; Sim;Não; Sim;Não;Não;Não; ;Não; Sim; Trimestralmente; Sim, com regularidade; Sim, com regularidade; Sim;Não; Anualmente; Semestralmente; Semestralmente; Mensalmente; Anualmente; Sim; Sim; Sim; não há representação do CEAS na CIB;2; ; Sim; Sim; Sim;Não;Não; ;Não; Sim; Sim; Sim; Sim; Sim; Sim; Sim; Sim; Sim;Não;Não; ; Sim;1;1; Sim, por toda a rede socioassistencial (unidades públicas e entidades) do SUAS; Ambas as formas;0; ;0; ;0; ;Não;Não;Não;0;0; ;0; ;0; ; ; ; ; ; Sim; ;0; ;0; ; Não; 2 anos; 1 vez; Sim; Sim; Eleitas(os) em assembleias instaladas especificamente para esse fim;Não; Sim;Não; Sim; Sim; Sim;Não;Não; Sim;Não; ;Não; Sim;Não;Não;Não;Não; ;8;7;8;7;16;14;2;0;5;2;0;5;4;0;10;Rio Grande do Norte;2;completo;1995; ;1;2009;1995;1;0;0;0;0;0;0;0;0;0;0;1;0;1;2;0;0;1;1;0;0;0;1;0;9;0;1;0;0;0;0;0;0;1;0;1;1;0;1;0;0;0;1;0;0;0;1;0;1;1;1;1;0;0;0;0;0;0;0;0;0;1;1;0;0;0;0;1;1;1;1;1;0;0;1;0;1;0;0;0;1;1;3;0; ;0; ;0; ;0;1;0;0;0;0;1;1;1;0;0;1;0;0;0;1;0;0;0;Até de 2005;De 2009 a 2014;De 1995 a 1997;0;Nenhuma sala exclusiva;2;De 2 a 3 salas compartilhadas;2;De 1 a 5 salas;De 2 a 3 banheiros;De 1 a 3 computadores exclusivos;Nenhum computador compartilhado;Até 2 funcionárias(os) exclusivas(os);Até 2 funcionárias(os) não exclusivas(os);De 40 a 49 horas/semana; De 9 a 16 reuniões;De 0 a 8 reuniões;1 a 2 conselheiros;1 a 2 conselheiros;menos de 1 mês
25;CONSELHO ESTADUAL DE ASSISTÊNCIA SOCIAL;Praça;DOM ADALTO;58; ;CENTRO; ;58101-670;JOAO PESSOA;PB;ceaspb@gmail.com;(83) 99114-4754;0;-7.115.850.822.366.840;-3.488.285.511.732.100;1995; ; Sim;2015; Sim;2016; Sim; Não; ; ; ; ; ; ; ; ; ; ; ; ; ;1;1;1;1;1;1;3; Sim; Não; Sim; Sim; Sim; Não; Não; Sim; Não; Sim; Sim; Sim; Sim; Sim; Sim; Não;1;1; Sim; Sim;4;0; 5 dias por semana; 8 horas por dia; Sim; Sim; Sempre que necessário; Sempre que necessário; Sempre que necessário; Sempre que necessário; Sempre que necessário; Não custeia; Sempre que necessário; Sempre que necessário; Sim;EXPLICAÇÕES QUE A SECRETARIA EXECUTIVA MOSTRA; Sim;Não; Sim; Sim;Não;Não;Não;Não;Não;14;Não; Sim; Sim;Não;Não;Não;Não;Não; Todas as deliberações/resoluções são publicadas;Não; Sim;Não;Não;Não;Não; ;Não;Não;Não;Não;Não; Sim; ;Não; ;Não; Sim; Sim; Sim; Sim; Sim;Não;Não;Não;Não;Não;Não;Não;Não;Não;Não;Não;Não;Não;Não;Não;Não;Não;Não;Não;Não;Não;Não;Não;Não;Não;Não;Não; ; Sim; Sim; Trimestralmente; Sim, com regularidade; Sim, com regularidade;Não;Não; Anualmente; Nunca;Trimestralmente;Trimestralmente; Semestralmente;Não;Não; Sim; A(o) representante não é eleita(o), mas há conselheiras(os) na CIB de forma contínua;10; ; Sim; Sim;Não;Não;Não; ;Não;Não;Não;Não; Sim;Não;Não;Não;Não;Não;Não;Não; ; Sim;1;1; Não fiscaliza; ; ; ; ; ; ; ; ; Sim;Não;0;0; ;0; ;0; ; ; ; ; ; Sim; ;0; ;0; ; Não; 2 anos;2 vezes; Sim; Sim; Eleitas(os) em assembleias instaladas especificamente para esse fim; Sim; Sim;Não; Sim; Sim; Sim;Não;Não;Não;Não; ;Não; Sim;Não;Não;Não;Não; ;9;9;9;9;18;18;6;6;6;6;6;6;12;12;12;Paraíba;2;completo;1995; ;1;2015;2016;1; ; ; ; ; ; ; ; ; ; ; ; ;1;4;0;0;1;1;0;0;0;0;0;14;0;1;1;0;0;0;0;0;1;0;1;0;0;0;0;1;0;0;0;0;0;0;0;1;1;1;1;1;0;0;0;0;0;0;0;0;0;0;0;0;0;0;0;0;0;0;0;0;0;0;0;0;0;0;0;1;1; ; ; ; ; ; ; ; ;1;0;0;0;0;1;1;1;0;0;0;0;0;0;1;0;0;0;Até de 2005;De 2015 a 2019;De 2015 a 2019;2;De 2 a 3 salas exclusivas;2;De 2 a 3 salas compartilhadas;4;De 1 a 5 salas;De 2 a 3 banheiros;De 1 a 3 computadores exclusivos;De 1 a 3 computadores compartilhados;De 3 a 5 funcionárias(os) exclusivas(os);Até 2 funcionárias(os) não exclusivas(os);De 40 a 49 horas/semana; De 9 a 16 reuniões; De 9 a 16 reuniões;1 a 2 conselheiros;1 a 2 conselheiros;menos de 1 mês
26;CONSELHO ESTADUAL DE ASSISTÊNCIA SOCIAL;Avenida;CONDE DA BOA VISTA;1410;EDIFICIO PALMIRA II;BOA VISTA;EDIFÍCIO PALMIRA II;50060-001;RECIFE;PE;ceaspe@hotmail.com;(81) 3183-3292; ;-8.056.637.637.515.330;-3.489.343.643.188.470;1995; ; Sim;2021; Sim;2006; Sim; Sim; Sim; Não; Não; Não; Não; Não; Não; Não; Não; Não; Sim; Não; ;1;0;1;1;0;1;10; Sim; Sim; Não; Sim; Sim; Sim; Não; Não; Sim; Não; Sim; Sim; Sim; Sim; Sim; Não;7;0; Sim; Sim;8;0; 5 dias por semana; 8 horas por dia; Sim; Sim; Sempre que necessário; Sempre que necessário; Sempre que necessário; Sempre que necessário; Sempre que necessário; Não custeia; Não custeia; Não custeia; Sim;CONTROLE SOCIAL DO SUAS; Sim;Não; Sim; Sim;Não;Não;Não; Sim;Não;23;Não; Sim; Sim;Não;Não;Não; Sim;Não; Todas as deliberações/resoluções são publicadas;Não;Não; Sim;Não;Não;Não; ;Não; Sim;Não;Não;Não;Não; ; Sim;COMITE ESTADUAL DE POLITICAS PUBLICAS PARA POPULAÇÃO EM SITUAÇÃO DE RUA; Sim; Sim; Sim; Sim; Sim; Sim;Não;Não;Não; Sim; Sim;Não; Sim; Sim; Sim; Sim; Sim; Sim; Sim; Sim; Sim; Sim; Sim; Sim; Sim; Sim; Sim; Sim;Não;Não;Não;Não;Não; ; Sim; Sim; Trimestralmente; Sim, com regularidade; Sim, sem regularidade; Sim; Sim; Anualmente; Anualmente; Semestralmente; Nunca; Semestralmente;Não;Não; Sim; A(o) representante não é eleita(o), mas há conselheiras(os) na CIB de forma contínua;4; ; Sim; Sim; Sim;Não;Não; ; Sim; Sim;Não;Não; Sim; Sim;Não;Não;Não; Sim;Não;Não; ; Sim;1;1; Sim, por toda a rede socioassistencial (unidades públicas e entidades) do SUAS; Ambas as formas;1; ;0; ;1; ;Não; Sim;Não;0;0; ;0; ;0; ;Não;Não;Não; Sim;Não;NÃO HOUVE;0; ;0; ; Não; 2 anos; 1 vez; Sim; Sim; Eleitas(os) em assembleias instaladas especificamente para esse fim; Sim; Sim;Não; Sim;Não;Não;Não;Não; Sim;Não; ; Sim; Sim;Não;Não;Não;Não; ;9;9;9;9;18;18;3;3;3;3;3;3;6;6;6;Pernambuco;2;completo;1995; ;1;2021;2006;1;1;0;0;0;0;0;0;0;0;0;1;0;1;8;0;0;1;1;0;0;0;1;0;23;0;1;1;0;0;0;1;0;1;0;0;1;0;0;0;0;0;1;0;0;0;1;1;1;1;1;1;1;0;0;0;1;1;0;1;1;1;1;1;1;1;1;1;1;1;1;1;1;1;1;0;0;0;0;0;1;1;3;1; ;0; ;1; ;0;0;0;0;0;1;1;0;0;0;0;1;0;0;1;1;0;0;0;Até de 2005;De 2020 a 2023;De 2005 a 2008;1;1 sala exclusiva;1;1 sala compartilhada;2;De 1 a 5 salas;8 ou mais banheiros;De 7 a 10 computadores exclusivos;Nenhum computador compartilhado;De 6 a 10 funcionárias(os) exclusivas(os);Até 2 funcionárias(os) não exclusivas(os);De 40 a 49 horas/semana;De 21 a 30 reuniões;De 0 a 8 reuniões;1 a 2 conselheiros;1 a 2 conselheiros;menos de 1 mês
27;CONSELHO ESTADUAL DE ASSISTÊNCIA SOCIAL;Rua;COMENDADOR CALAÇA;1399; ;POÇO;ANTIGO PRÉDIO DA LBA;57025-580;MACEIO;AL;conselho.assistencia.al@gmail.com;(82) 98704-3256; ;-9.657.890.518.419.070;-3.572.477.102.279.660;1996; ; Sim;2019; Sim;2019; Sim; Sim; Sim; Não; Não; Não; Não; Não; Não; Não; Não; Não; Sim; Não; ;0;1;1;0;0;0;1; Não; Sim; Não; Sim; Sim; Não; Não; Não; Sim; Não; Sim; Não; Não; Sim; Sim; Não;2;1; Sim; Sim;4;1; 5 dias por semana; 8 horas por dia; Sim; Sim; Sempre que necessário; Na maioria das vezes; Sempre que necessário; Sempre que necessário; Sempre que necessário; Sempre que necessário; Sempre que necessário; Na minoria das vezes;Não; ; Sim;Não;Não; Sim;Não;Não;Não; Sim;Não;16;Não;Não;Não;Não;Não;Não; Sim;Não; Todas as deliberações/resoluções são publicadas;Não; Sim; Sim;Não;Não;Não; ;Não;Não; Sim;Não;Não;Não; ; Sim;Fórum Estadual de Usuários do SUAS de Alagoas; Sim; Sim; Sim;Não; Sim; Sim; Sim; Sim;Não; Sim; Sim;Não; Sim; Sim; Sim;Não;Não;Não;Não;Não; Sim;Não; Sim; Sim;Não; Sim;Não; Sim;Não; Sim;Não;Não;Não; ;Não;Não; Semestralmente; Não; Sim, sem regularidade; Sim; Sim; Anualmente; Nunca; Anualmente; Nunca; Nunca;Não;Não; Sim; não há representação do CEAS na CIB;1; ;Não;Não; Sim; Sim; Sim;Capacitações, Visitas Técnicas e Reuniões Regionalizadas;Não; Sim;Não;Não; Sim;Não;Não;Não;Não;Não;Não; Sim;Emendas Parlamentares; Sim;1;1; Não fiscaliza; ; ; ; ; ; ; ; ;Não;Não;0;0; ;0; ;0; ; ; ; ; ; Sim; ;0; ;0; ; Sim; 2 anos; 1 vez; Sim; Sim; Eleitas(os) em assembleias instaladas especificamente para esse fim; Sim; Sim;Não;Não;Não;Não;Não; Sim; Sim;Não; ; Sim; Sim;Não;Não;Não;Não; ;7;7;5;3;12;10;2;3;2;0;1;2;2;4;4;Alagoas;2;completo;1996; ;1;2019;2019;1;1;0;0;0;0;0;0;0;0;0;1;0;1;4;1;0;0;1;0;0;0;1;0;16;0;0;0;0;0;0;1;0;1;0;1;1;0;0;0;0;0;0;1;0;0;1;1;1;1;0;1;1;1;1;0;1;1;0;1;1;1;0;0;0;0;0;1;0;1;1;0;1;0;1;0;1;0;0;0;1;1; ; ; ; ; ; ; ; ;1;0;0;0;0;0;0;0;0;1;1;0;0;1;1;0;0;0;Até de 2005;De 2015 a 2019;De 2015 a 2019;1;1 sala exclusiva;0;Nenhuma sala compartilhada;1;De 1 a 5 salas;Até 1 banheiro;De 1 a 3 computadores exclusivos;De 1 a 3 computadores compartilhados;De 3 a 5 funcionárias(os) exclusivas(os);Até 2 funcionárias(os) não exclusivas(os);De 40 a 49 horas/semana; De 9 a 16 reuniões;De 0 a 8 reuniões;1 a 2 conselheiros;1 a 2 conselheiros;menos de 1 mês
28;CONSELHO ESTADUAL DE ASSISTÊNCIA SOCIAL;Travessa;Baltazar Goes Edf Estado de Sergipe;86;25º Andar;Centro;BANESE;49010-500;ARACAJU;SE;ceas.sergipe@gmail.com;(79) 3246-1417; ;-1.090.909.825;-3.705.006.029.836.530;1995; ; Sim;2013; Sim;2023; Sim; Sim; Não; Sim; Não; Não; Não; Não; Não; Sim; Não; Não; Sim; Sim;Edf. com 28 andares e diversos setores da administração pública.;0;0;1;0;1;0;2; Não; Sim; Não; Sim; Sim; Não; Não; Sim; Não; Sim; Sim; Sim; Sim; Sim; Sim; Não;4;0; Sim; Não;2;1; 5 dias por semana; 6 horas por dia; Sim; Sim; Sempre que necessário; Na minoria das vezes; Sempre que necessário; Sempre que necessário; Sempre que necessário; Sempre que necessário; Sempre que necessário; Sempre que necessário;Não; ; Sim;Não; Sim; Sim;Não;Não;Não;Não; Sim;10;Não; Sim; Sim;Não;Não;Não;Não;Não; Todas as deliberações/resoluções são publicadas;Não; Sim; Sim;Não; Sim;Não; ;Não; Sim; Sim;Não;Não;Não; ; Sim;Forum Estadual dos Usuários do Suas e 16 Fóruns Municipais instituídos; Sim; Sim; Sim; Sim; Sim; Sim;Não; Sim;Não; Sim;Não; Sim; Sim; Sim; Sim; Sim; Sim;Não; Sim;Não; Sim; Sim; Sim; Sim; Sim;Não; Sim; Sim;Não;Não;Não; Sim;Não; ; Sim; Sim; Sem frequência definida; Sim, com regularidade; Sim, com regularidade; Sim;Não; Anualmente;Trimestralmente; Anualmente; Anualmente; Anualmente;Não;Não; Sim; A(o) representante não é eleita(o), mas há conselheiras(os) na CIB de forma contínua;5; ; Sim; Sim; Sim; Sim;Não; ; Sim; Sim; Sim; Sim; Sim;Não;Não; Sim; Sim; Sim;Não; Sim;Regulação do Suas, Financiamento e Orçamento, Fóruns da Sociedade Civil e formas de participação conforme normativas.; Sim;1;1; Sim, apenas a rede socioassistencial realizada por unidades públicas do SUAS; Ambas as formas; ; Sim; ; Sim; ; Sim; Sim; Sim;Não;0;0; ;0; ;0; ; ; ; ; ; Sim; ;0; ;0; ; Não; 2 anos; 1 vez; Sim; Sim; Eleitas(os) em assembleias instaladas especificamente para esse fim;Não; Sim;Não; Sim; Sim; Sim; Sim;Não; Sim;Não; ; Sim; Sim; Sim;Não;Não;Não; ;9;9;9;9;18;18;3;3;3;3;4;2;6;7;5;Sergipe;2;completo;1995; ;1;2013;2023;1;0;1;0;0;0;0;0;1;0;0;1;1;0;2;1;0;1;1;0;0;0;0;1;10;0;1;1;0;0;0;0;0;1;0;1;1;0;1;0;0;0;1;1;0;0;1;1;1;1;1;1;1;0;1;0;1;0;1;1;1;1;1;1;0;1;0;1;1;1;1;1;0;1;1;0;0;0;1;0;1;1;3; ;1; ;1; ;1;1;1;0;0;0;0;1;1;1;1;0;1;0;0;1;1;1;0;0;Até de 2005;De 2009 a 2014;De 2020 a 2023;0;Nenhuma sala exclusiva;1;1 sala compartilhada;1;De 1 a 5 salas;De 2 a 3 banheiros;De 4 a 6 computadores exclusivos;Nenhum computador compartilhado;Até 2 funcionárias(os) exclusivas(os);Até 2 funcionárias(os) não exclusivas(os);De 30 a 39 horas/semana; De 9 a 16 reuniões;De 0 a 8 reuniões;1 a 2 conselheiros;1 a 2 conselheiros;menos de 1 mês
29;CONSELHO ESTADUAL DE ASSISTÊNCIA SOCIAL;Avenida;LUIS VIANA FILHO;390;3ª AVENIDA - PLATAFORMA IV;CAB;SECRETARIA DE ASSISTÊNCIA E DESENVOLVIMENTO SOCIAL;41745-005;SALVADOR;BA;ceasba@seades.ba.gov.br;(71) 3115-0258; ;-129.512.216;-384.261.097;1995; ; Sim;2023; Sim;1997; Sim; Sim; Sim; Não; Não; Não; Não; Não; Não; Não; Não; Não; Sim; Não; ;2;0;1;1;1;0;1; Sim; Sim; Não; Não; Sim; Não; Sim; Não; Não; Sim; Sim; Sim; Sim; Sim; Sim; Não;6;0; Sim; Sim;4;0; 5 dias por semana; 8 horas por dia; Sim; Sim; Sempre que necessário; Sempre que necessário; Sempre que necessário; Sempre que necessário; Sempre que necessário; Sempre que necessário; Sempre que necessário; Sempre que necessário;Não; ; Sim;Não; Sim; Sim;Não;Não;Não; Sim;Não;18;Não; Sim; Sim;Não;Não;Não;Não;Não; Todas as deliberações/resoluções são publicadas;Não; Sim; Sim; Sim; Sim;Não; ; Sim; Sim; Sim; Sim;Não;Não; ; Sim;3; Sim; Sim; Sim; Sim; Sim;Não;Não;Não;Não; Sim; Sim;Não; Sim; Sim; Sim; Sim;Não; Sim; Sim; Sim;Não; Sim; Sim; Sim; Sim; Sim;Não; Sim;Não;Não;Não; Sim; Sim;COMUNICAÇÃO SOCIAL NO SUAS; Sim; Sim; Quadrimestralmente; Sim, com regularidade; Sim, com regularidade; Sim; Sim;Trimestralmente; Nunca; Nunca; Nunca; Nunca;Não;Não; Sim; A(o) representante é eleita(o) pelo CEAS e frequenta a CIB de forma contínua;12; ; Sim; Sim; Sim; Sim;Não; ;Não; Sim;Não; Sim; Sim; Sim; Sim; Sim; Sim; Sim;Não;Não; ; Sim;1;1; Sim, por toda a rede socioassistencial (unidades públicas e entidades) do SUAS; Ambas as formas;4; ;10; ;14; ;Não; Sim;Não;0;0; ;0; ;0; ; ; ; ; ; Sim; ;0; ;0; ; Sim; 2 anos; 1 vez; Sim; Sim; Eleitas(os) em assembleias instaladas especificamente para esse fim;Não; Sim;Não;Não;Não;Não;Não;Não; Sim;Não; ;Não; Sim;Não;Não;Não;Não; ;5;5;5;5;10;10;1;2;2;1;2;2;2;4;4;Bahia;2;completo;1995; ;1;2023;1997;1;1;0;0;0;0;0;0;0;0;0;1;0;1;4;0;0;1;1;0;0;0;1;0;18;0;1;1;0;0;0;0;0;1;0;1;1;1;1;0;0;1;1;1;1;0;1;1;1;1;1;1;0;0;0;0;1;1;0;1;1;1;1;0;1;1;1;0;1;1;1;1;1;0;1;0;0;0;1;1;1;1;3;4; ;10; ;14; ;0;1;0;0;0;0;0;0;0;0;0;1;0;0;0;1;0;0;0;Até de 2005;De 2020 a 2023;De 1995 a 1997;2;De 2 a 3 salas exclusivas;2;De 2 a 3 salas compartilhadas;4;De 1 a 5 salas;Até 1 banheiro;De 4 a 6 computadores exclusivos;Nenhum computador compartilhado;De 3 a 5 funcionárias(os) exclusivas(os);Até 2 funcionárias(os) não exclusivas(os);De 40 a 49 horas/semana;De 17 a 20 reuniões; De 9 a 16 reuniões;1 a 2 conselheiros;1 a 2 conselheiros;menos de 1 mês
31;CONSELHO ESTADUAL DE ASSISTÊNCIA SOCIAL;Avenida;Amazonas;558;4ª Andar;Centro;Casa de Direitos Humanos;30180-000;BELO HORIZONTE;MG;ceas@social.mg.gov.br;(31) 3270-3645; ;-19.919.303.662.155.500;-4.393.940.448.771.900;1996; ; Sim;2011; Sim;2016; Sim; Sim; Não; Não; Não; Não; Não; Não; Não; Não; Não; Não; Sim; Sim;Unidade da Subsecretaria de Direitos Humanos e Diretoria de Regional Metropolitana da Sedese.;0;0;2;1;2;0;8; Sim; Sim; Não; Não; Sim; Sim; Não; Sim; Não; Não; Sim; Não; Sim; Sim; Não; Não;13;2; Sim; Sim;8;1; 5 dias por semana; 11 horas por dia; Sim; Sim; Sempre que necessário; Sempre que necessário; Sempre que necessário; Sempre que necessário; Não custeia; Sempre que necessário; Sempre que necessário; Não custeia; Sim;Realizada pelo próprio conselho.; Sim;Não;Não; Sim;Não;Não;Não; Sim;Não;13;Não;Não; Sim;Não;Não;Não; Sim;Não; Todas as deliberações/resoluções são publicadas;Não; Sim;Não;Não;Não;Não; ;Não;Não;Não;Não;Não; Sim; ; Sim;Fórum municipal de usuários de Belo Horizonte-MG, FMDLSUAS (UBERABA), Fórum Estadual dos USuários do SUAS - FEUSUAS - MG; Sim; Sim; Sim; Sim; Sim; Sim;Não;Não;Não; Sim; Sim;Não; Sim; Sim; Sim; Sim;Não;Não; Sim;Não;Não;Não; Sim;Não;Não; Sim;Não; Sim;Não;Não;Não;Não;Não; ; Sim; Sim; Trimestralmente; Sim, com regularidade; Sim, sem regularidade; Sim; Sim; Mensalmente; Nunca; Nunca; Semestralmente; Semestralmente; Sim; Sim; Sim; A(o) representante é eleita(o) pelo CEAS e frequenta a CIB de forma contínua;10; ;Não;Não; Sim; Sim;Não; ; Sim; Sim;Não;Não; Sim; Sim;Não;Não;Não; Sim;Não;Não; ; Sim;1;1; Sim, por toda a rede socioassistencial (unidades públicas e entidades) do SUAS; Ambas as formas;3; ;0; ;3; ; Sim; Sim;Não;0;0; ;0; ;0; ; ; ; ; ; Sim; ;0; ;0; ; Sim; 2 anos; 1 vez; Sim; Sim; Eleitas(os) em assembleias instaladas especificamente para esse fim; Sim; Sim;Não; Sim; Sim; Sim; Sim; Sim; Sim;Não; ; Sim; Sim; Sim;Não;Não;Não; ;10;10;10;10;20;20;3;3;4;3;3;4;6;6;8;Minas gerais;3;completo;1996; ;1;2011;2016;1;0;0;0;0;0;0;0;0;0;0;1;1;1;8;1;0;0;1;0;0;0;1;0;13;0;0;1;0;0;0;1;0;1;0;1;0;0;0;0;1;0;0;0;0;0;1;1;1;1;1;1;1;0;0;0;1;1;0;1;1;1;1;0;0;1;0;0;0;1;0;0;1;0;1;0;0;0;0;0;1;1;3;3; ;0; ;3; ;1;1;0;0;0;0;1;1;1;1;1;1;0;0;1;1;1;0;0;Até de 2005;De 2009 a 2014;De 2015 a 2019;0;Nenhuma sala exclusiva;3;De 2 a 3 salas compartilhadas;3;De 1 a 5 salas;8 ou mais banheiros;Mais de 10 computadores exclusivos;De 1 a 3 computadores compartilhados;De 6 a 10 funcionárias(os) exclusivas(os);Até 2 funcionárias(os) não exclusivas(os);Mais de 49 horas/semana; De 9 a 16 reuniões; De 9 a 16 reuniões;1 a 2 conselheiros;1 a 2 conselheiros;menos de 1 mês
32;CONSELHO ESTADUAL DE ASSISTÊNCIA SOCIAL;Rua;DOUTOR JOÃO CARLOS SOUZA;107;ED GREEN TOWER;BARRO VERMELHO;PRÓXIMO A DHPP, EM FRENTE AO MS BUFFET;29057-530;VITORIA;ES;ceas.es@setades.es.gov.br;(27) 3636-6885; ;-20.292.914.705.063.900;-4.029.888.957.738.870;2012; ; Não; ; Sim;2016; Sim; Sim; Sim; Sim; Não; Não; Não; Não; Não; Não; Não; Não; Sim; Sim;empresas privadas;0;0;1;1;1;1;2; Não; Sim; Não; Não; Sim; Sim; Sim; Sim; Não; Sim; Sim; Sim; Sim; Sim; Não; Não;4;1; Sim; Sim;1;0; 5 dias por semana; 8 horas por dia; Sim; Sim; Sempre que necessário; Sempre que necessário; Não custeia; Não custeia; Não custeia; Não custeia; Sempre que necessário; Sempre que necessário; Sim;capacitação regimento interno; Sim;Não; Sim; Sim;Não; Sim;Não;Não;Não;14;Não; Sim; Sim;Não;Não;Não;Não;Não; Todas as deliberações/resoluções são publicadas;Não; Sim;Não;Não;Não;Não; ;Não;Não;Não;Não;Não; Sim; ; Sim;Fórum dos usuários; Sim; Sim; Sim;Não;Não;Não;Não;Não;Não; Sim; Sim;Não;Não;Não;Não; Sim;Não;Não;Não;Não;Não;Não; Sim;Não;Não; Sim;Não;Não;Não;Não;Não;Não;Não; ; Sim; Sim; Trimestralmente; Sim, com regularidade; Não; Sim; Sim; Semestralmente; Nunca;Trimestralmente; Nunca; Nunca;Não;Não; Sim; não há representação do CEAS na CIB; ; Sim;Não; Sim; Sim;Não;Não; ;Não;Não;Não;Não;Não;Não;Não;Não;Não;Não; Sim;Não; ; Sim;2;2; Não fiscaliza; ; ; ; ; ; ; ; ; Sim;Não;0;0; ;0; ;0; ; ; ; ; ; Sim; ;0; ;0; ; Não; 2 anos; 1 vez; Sim; Sim; Eleitas(os) em assembleias instaladas especificamente para esse fim; Sim;Não;Não;Não;Não;Não; Sim;Não;Não;Não; ; Sim; Sim; Sim;Não;Não;Não; ;10;10;10;10;20;20;3;4;3;3;4;3;6;8;6;Espirito Santo;3;completo;2012; ;0; ;2016;1;1;1;0;0;0;0;0;0;0;0;1;1;1;1;0;0;1;1;0;1;0;0;0;14;0;1;1;0;0;0;0;0;1;0;1;0;0;0;0;1;0;0;0;0;0;1;1;1;1;0;0;0;0;0;0;1;1;0;0;0;0;1;0;0;0;0;0;0;1;0;0;1;0;0;0;0;0;0;0;2;2; ; ; ; ; ; ; ; ;1;0;0;0;0;0;0;0;1;0;0;0;0;1;1;1;0;0;De 2011 a 2015; ;De 2015 a 2019;0;Nenhuma sala exclusiva;2;De 2 a 3 salas compartilhadas;2;De 1 a 5 salas;De 2 a 3 banheiros;De 4 a 6 computadores exclusivos;De 1 a 3 computadores compartilhados;Até 2 funcionárias(os) exclusivas(os);Até 2 funcionárias(os) não exclusivas(os);De 40 a 49 horas/semana; De 9 a 16 reuniões; ;1 a 2 conselheiros;1 a 2 conselheiros;menos de 1 mês
33;CONSELHO ESTADUAL DE ASSISTÊNCIA SOCIAL;Praça;PÇA. CRISTIANO OTTONI S/Nº; ;SALA 645 -  6º ANDAR;CENTRO;CENTRAL DO BRASIL, CENTRO, RJ;20221-250;RIO DE JANEIRO;RJ;ceasriodejaneiro@gmail.com;(21) 2334-9536; ;-22.903.879.970.927.800;-4.319.144.010.543.820;1996; ; Não; ; Sim;1996; Sim; Sim; Não; Não; Não; Não; Não; Não; Não; Não; Não; Não; Sim; Sim;Secretaria de Estado de Ciências e Tecnologia;2;2;1;0;0;0;3; Não; Sim; Não; Sim; Sim; Não; Não; Sim; Não; Sim; Sim; Não; Não; Não; Sim; Não;6;1; Sim; Sim;5;2; 5 dias por semana; 8 horas por dia; Não;Não sabe; Na maioria das vezes; Sempre que necessário; Na maioria das vezes; Na maioria das vezes; Não custeia; Não custeia; Sempre que necessário; Sempre que necessário;Não; ; Sim;Não; Sim; Sim;Não;Não;Não;Não; Sim;14;Não;Não; Sim;Não;Não;Não;Não; Sim; Todas as deliberações/resoluções são publicadas;Não; Sim; Sim;Não;Não;Não; ;Não;Não;Não;Não;Não; Sim; ; Sim;FEUSUAS e o MNPR; Sim;Não; Sim;Não;Não; Sim;Não; Sim;Não;Não;Não;Não;Não;Não;Não; Sim;Não;Não;Não;Não;Não;Não;Não;Não;Não;Não;Não; Sim;Não;Não;Não;Não;Não; ;Não;Não; Sem frequência definida; Sim, sem regularidade; Sim, com regularidade; Sim;Não; Anualmente; Mensalmente; Nunca; Nunca; Nunca; Sim; Sim; Sim; A(o) representante não é eleita(o), mas há conselheiras(os) na CIB de forma contínua;0; ; Sim; Sim; Sim;Não; Sim;Oferece orientação e         assessoramento através das comissões;Não;Não;Não;Não; Sim;Não;Não;Não; Sim;Não;Não; Sim;leições para a Sociedade Civil; Sim;2;2; Não fiscaliza; ; ; ; ; ; ; ; ;Não;Não;0;0; ;0; ;0; ; ; ; ; ; Sim; ;0; ;0; ; Não; 2 anos; 1 vez; Sim; Sim; Eleitas(os) em assembleias instaladas especificamente para esse fim; Sim; Sim;Não;Não;Não;Não;Não; Sim; Sim; Sim;População de Rua; Sim; Sim; Sim; Sim;Não;Não; ;10;10;10;10;20;20;2;2;3;2;2;3;4;4;6;Rio de Janeiro;3;completo;1996; ;0; ;1996;1;0;0;0;0;0;0;0;0;0;0;1;1;1;5;2;0;1;1;0;0;0;0;1;14;0;0;1;0;0;0;0;1;1;0;1;1;0;0;0;1;0;0;0;0;0;1;1;0;1;0;0;1;0;1;0;0;0;0;0;0;0;1;0;0;0;0;0;0;0;0;0;0;0;1;0;0;0;0;0;2;2; ; ; ; ; ; ; ; ;1;0;0;0;0;0;0;0;0;1;1;1;0;1;1;1;1;0;Até de 2005; ;De 1995 a 1997;4;De 4 a 5 salas exclusivas;0;Nenhuma sala compartilhada;4;De 1 a 5 salas;De 2 a 3 banheiros;De 4 a 6 computadores exclusivos;De 1 a 3 computadores compartilhados;De 3 a 5 funcionárias(os) exclusivas(os);Até 2 funcionárias(os) não exclusivas(os);De 40 a 49 horas/semana; De 9 a 16 reuniões;De 0 a 8 reuniões;1 a 2 conselheiros;1 a 2 conselheiros;menos de 1 mês
35;CONSELHO ESTADUAL DE ASSISTÊNCIA SOCIAL;Rua;BOA VISTA;170;2º ANDAR - BLOCO 5;CENTRO;METRÔ SÃO BENTO;01014-000;SAO PAULO;SP;conseas@sp.gov.br;(11) 2763-8382; ;-23.546.247;-466.334.081;1995; ; Não; ; Sim;2019; Sim; Sim; Sim; Não; Não; Não; Não; Não; Não; Não; Não; Não; Sim; Não; ;2;2;2;2;2;2;6; Sim; Sim; Não; Não; Sim; Sim; Sim; Não; Não; Sim; Não; Sim; Sim; Sim; Sim; Não;10;1; Sim; Sim;4;0; 5 dias por semana; 8 horas por dia; Sim; Sim; Sempre que necessário; Sempre que necessário; Sempre que necessário; Sempre que necessário; Na maioria das vezes; Não custeia; Não custeia; Não custeia; Sim;PAPEL DO CONSELHO E DOS CONSELHEIROS, CONTROLE SOCIAL E OUTRAS; Sim;Não; Sim; Sim;Não;Não;Não; Sim;Não;18;Não; Sim; Sim;Não;Não;Não; Sim;Não; Todas as deliberações/resoluções são publicadas;Não; Sim; Sim; Sim;Não;Não; ;Não;Não;Não;Não; Sim;Não;NÚCLEO; Sim;MOVIMENTO NACIONAL DE POPUÇÃO DE RUA E MOVIMENTO NACIONAL DE LUTAS EM   DEFESA DA POPULAÇÃO EM  SITUAÇÃO DE RUA; Sim; Sim; Sim; Sim; Sim; Sim; Sim;Não;Não; Sim; Sim;Não; Sim; Sim; Sim; Sim; Sim;Não;Não;Não; Sim;Não; Sim; Sim; Sim; Sim; Sim;Não;Não;Não;Não;Não;Não; ; Sim; Sim; Trimestralmente; Sim, com regularidade; Sim, com regularidade; Sim; Sim; Mensalmente; Semestralmente; Semestralmente; Semestralmente; Mensalmente;Não;Não; Sim; A(o) representante é eleita(o) pelo CEAS e frequenta a CIB de forma contínua;14; ; Sim; Sim; Sim; Sim;Não; ;Não; Sim; Sim;Não; Sim;Não;Não; Sim; Sim; Sim;Não;Não; ; Sim;1;1; Não fiscaliza; ; ; ; ; ; ; ; ; Sim; Sim;0;0; ;0; ;0; ;Não;Não;Não; Sim;Não;NÃO FAZ INSCRIÇÃO DE ENTIDADE;0; ;0; ; Não; 3 anos; 1 vez; Sim; Sim; Eleitas(os) em assembleias instaladas especificamente para esse fim; Sim; Sim;Não; Sim;Não; Sim;Não;Não; Sim;Não; ; Sim; Sim; Sim;Não;Não;Não; ;12;12;12;12;24;24;1;1;3;1;1;3;2;2;6;São Paulo;3;completo;1995; ;0; ;2019;1;1;0;0;0;0;0;0;0;0;0;1;0;1;4;0;0;1;1;0;0;0;1;0;18;0;1;1;0;0;0;1;0;1;0;1;1;1;0;0;0;0;0;0;0;1;1;1;1;1;1;1;1;1;0;0;1;1;0;1;1;1;1;1;0;0;0;1;0;1;1;1;1;1;0;0;0;0;0;0;1;1; ; ; ; ; ; ; ; ;0;0;0;0;1;1;0;1;0;0;1;0;0;1;1;1;0;0;Até de 2005; ;De 2015 a 2019;4;De 4 a 5 salas exclusivas;4;De 4 a 5 salas compartilhadas;8;De 6 a 10 salas;De 6 a 7 banheiros;De 7 a 10 computadores exclusivos;De 1 a 3 computadores compartilhados;De 3 a 5 funcionárias(os) exclusivas(os);Até 2 funcionárias(os) não exclusivas(os);De 40 a 49 horas/semana;De 17 a 20 reuniões; De 9 a 16 reuniões;1 a 2 conselheiros;1 a 2 conselheiros;menos de 1 mês
41;CONSELHO ESTADUAL DE ASSISTÊNCIA SOCIAL;Rua;Jacy Loureiro de Campos, s/n; ;6° andar - ala A;Centro Cívico;Secretaria de Estado do Desenvolvimento Social e Família- SEDEFPalácio das Araucárias;80530-915;CURITIBA;PR;ceas@sedef.pr.gov.br;(41) 3210-2416;2416;-25.415.020.340.120.600;-4.926.975.846.268.760;1996; ; Sim;2013; Sim;2020; Sim; Sim; Sim; Sim; Não; Não; Não; Não; Não; Não; Não; Não; Sim; Não; ;0;0;0;2;1;0;6; Não; Sim; Sim; Não; Sim; Sim; Sim; Sim; Não; Sim; Não; Sim; Sim; Sim; Não; Sim;6;4; Sim; Sim;7;0; 5 dias por semana; 8 horas por dia; Sim; Sim; Sempre que necessário; Sempre que necessário; Sempre que necessário; Sempre que necessário; Sempre que necessário; Não custeia; Não custeia; Na minoria das vezes; Sim;Capacitação promovida pelo CEAS/PR e Divisão de Gestão do SUAS/SEDEF. Custeio da participação dos conselheiros em ações formativas promovidas por instâncias afim; Sim;Não;Não; Sim;Não;Não;Não; Sim;Não;11;Não;Não; Sim;Não;Não;Não; Sim;Não; Todas as deliberações/resoluções são publicadas;Não; Sim;Não; Sim; Sim; Sim;por meio dos nucleos regionais e IARAS; Sim; Sim;Não; Sim;Não;Não; ; Sim;FEUSUAS - Fórum Estadual dos Usuários do Sistema Único de Assistência Socia; Sim;Não; Sim; Sim; Sim; Sim;Não;Não;Não; Sim; Sim; Sim; Sim; Sim; Sim; Sim;Não;Não; Sim; Sim; Sim; Sim; Sim; Sim; Sim; Sim;Não; Sim;Não; Sim; Sim; Sim;Não; ; Sim; Sim; Trimestralmente; Sim, com regularidade; Sim, com regularidade; Sim; Sim; Mensalmente; Semestralmente; Semestralmente; Mensalmente; Semestralmente;Não; Sim; Sim; A(o) representante é eleita(o) pelo CEAS e frequenta a CIB de forma contínua;3; ; Sim; Sim; Sim; Sim; Sim;As capacitações promovidas pelo do CEAS/PR são abertas para participação dos conselheiros municipais de assistência social. As matérias e comunicações destinadas ao uso dos CMAS são encaminhados por meio da rede de suporte dos Núcleos Regionais e Instâncias de Atuação Regional Avançada da SEDEF. Convite para participação em reuniões de instâncias mobilizadoras afins; Sim; Sim; Sim; Sim; Sim; Sim; Sim; Sim; Sim; Sim;Não; Sim;tuação frente a calamidades e emergências em virtude das fortes chuvas. Aluguel social, Processo conferencial, Piso Único de Assistência Social;Não; ; ; Sim, por toda a rede socioassistencial (unidades públicas e entidades) do SUAS; Ambas as formas;0; ;0; ;0; ;Não; Sim; Sim;0;0; ;0; ;0; ; ; ; ; ; Sim; ;0; ; ; Sim; Sim; 2 anos; 1 vez; Sim; Sim; Eleitas(os) em assembleias instaladas especificamente para esse fim; Sim; Sim;Não; Sim; Sim; Sim; Sim;Não; Sim;Não; ; Sim; Sim; Sim;Não;Não;Não; ;15;15;15;15;30;30;5;5;5;5;5;5;10;10;10;Paraná;4;completo;1996; ;1;2013;2020;1;1;1;0;0;0;0;0;0;0;0;1;0;1;7;0;0;0;1;0;0;0;1;0;11;0;0;1;0;0;0;1;0;1;0;1;0;1;1;1;0;1;1;0;1;0;1;1;0;1;1;1;1;0;0;0;1;1;1;1;1;1;1;0;0;1;1;1;1;1;1;1;1;0;1;0;1;1;1;0; ; ;3;0; ;0; ;0; ;0;1;0;0;0;0;1;1;1;1;0;1;0;0;1;1;1;0;0;Até de 2005;De 2009 a 2014;De 2020 a 2023;0;Nenhuma sala exclusiva;3;De 2 a 3 salas compartilhadas;3;De 1 a 5 salas;De 6 a 7 banheiros;De 4 a 6 computadores exclusivos;De 4 a 6 computadores compartilhados;De 6 a 10 funcionárias(os) exclusivas(os);Até 2 funcionárias(os) não exclusivas(os);De 40 a 49 horas/semana; De 9 a 16 reuniões;De 0 a 8 reuniões; ; ; 
42;CONSELHO ESTADUAL DE ASSISTÊNCIA SOCIAL;Rua;Dr. Fúlvio Aducci;767; ;Estreito; ;88075-001;FLORIANOPOLIS;SC;ceas@sas.sc.gov.br;(48) 98844-2912; ;-2.758.981.126.756.790;-48.575.127.124.786.300;1995; ; Sim;2014; Sim;1996; Sim; Sim; Sim; Não; Não; Não; Não; Não; Não; Não; Não; Não; Sim; Sim;Diretoria dos Direitos Humanos, Diretoria da Habitação e Coordenadoria Estadual da Segurança Alimentar;0;0;1;1;1;1;3; Sim; Sim; Não; Sim; Sim; Não; Não; Sim; Não; Sim; Sim; Sim; Sim; Sim; Sim; Não;3;0; Sim; Sim;3;0; 5 dias por semana; 8 horas por dia; Não; Sim; Sempre que necessário; Sempre que necessário; Sempre que necessário; Sempre que necessário; Sempre que necessário; Não custeia; Não custeia; Não custeia;Não; ; Sim;Não; Sim; Sim;Não;Não;Não; Sim;Não;13;Não; Sim; Sim;Não;Não;Não; Sim;Não; Todas as deliberações/resoluções são publicadas;Não; Sim;Não; Sim;Não;Não; ;Não; Sim;Não;Não;Não;Não; ; Sim;FEUSUAS, FEPAS, Movimento Nacional da População em situação de Rua (MNPR), Movimento dos Catadores e Recicladores de Santa Catarina (MECR-SC), APRANRU, ADVIR; Sim; Sim; Sim;Não;Não;Não;Não;Não;Não;Não; Sim;Não; Sim; Sim; Sim; Sim; Sim;Não;Não; Sim;Não;Não; Sim; Sim;Não; Sim;Não;Não;Não;Não;Não; Sim;Não; ;Não;Não; Sem frequência definida; Sim, com regularidade; Sim, com regularidade; Sim; Sim; Mensalmente; Mensalmente; Nunca; Anualmente; Mensalmente;Não; Sim; Sim; A(o) representante é eleita(o) pelo CEAS e frequenta a CIB de forma contínua;4; ; Sim; Sim; Sim; Sim;Não; ; Sim; Sim; Sim;Não; Sim; Sim;Não; Sim; Sim; Sim;Não;Não; ;Não; ; ; Sim, apenas a rede socioassistencial realizada por entidades do SUAS; Por meio de análise de relatórios; ; ; ; ; ; ; ; Sim;Não;0;0; ;0; ;0; ; ; ; ; ; Sim; ;0; ; ; Sim; Não; 2 anos; 1 vez; Sim; Sim; Eleitas(os) em assembleias instaladas especificamente para esse fim; Sim; Sim;Não;Não;Não;Não;Não;Não; Sim; Sim;Movimentos e Organizações;Não; Sim;Não;Não;Não;Não; ;9;9;9;2;18;11;2;4;3;2;0;0;4;4;3;Santa Catarina;4;completo;1995; ;1;2014;1996;1;1;0;0;0;0;0;0;0;0;0;1;1;1;3;0;0;1;1;0;0;0;1;0;13;0;1;1;0;0;0;1;0;1;0;1;0;1;0;0;0;0;1;0;0;0;1;1;1;1;0;0;0;0;0;0;0;1;0;1;1;1;1;1;0;0;1;0;0;1;1;0;1;0;0;0;0;0;1;0; ; ;2; ; ; ; ; ; ; ;1;0;0;0;0;0;0;0;0;0;1;1;0;0;1;0;0;0;Até de 2005;De 2009 a 2014;De 1995 a 1997;0;Nenhuma sala exclusiva;2;De 2 a 3 salas compartilhadas;2;De 1 a 5 salas;De 2 a 3 banheiros;De 1 a 3 computadores exclusivos;Nenhum computador compartilhado;De 3 a 5 funcionárias(os) exclusivas(os);Até 2 funcionárias(os) não exclusivas(os);De 40 a 49 horas/semana; De 9 a 16 reuniões;De 0 a 8 reuniões; ; ; 
43;CONSELHO ESTADUAL DE ASSISTÊNCIA SOCIAL;Avenida;Borges de Medeiros;1501;8º andar;CENTRO HISTÓRICO;Centro Administrativo Fernando Ferrari - CAFF;90119-900;PORTO ALEGRE;RS;ceas@igualdade.rs.gov.br;(51) 3288-6536; ;-30.040.436.403.481.200;-51.231.029.033.660.800;1996; ; Não; ; Sim;2005; Sim; Sim; Sim; Sim; Não; Não; Não; Não; Não; Não; Não; Não; Sim; Não; ;1;0;1;0;1;0;1; Não; Sim; Não; Não; Sim; Não; Não; Não; Não; Sim; Sim; Sim; Sim; Não; Sim; Não;5;0; Sim; Sim;3;0; 5 dias por semana; 8 horas por dia; Sim; Sim; Sempre que necessário; Sempre que necessário; Sempre que necessário; Sempre que necessário; Na maioria das vezes; Não custeia; Sempre que necessário; Sempre que necessário;Não; ; Sim;Não;Não; Sim;Não;Não;Não; Sim;Não;21;Não;Não; Sim;Não;Não;Não;Não;Não; Todas as deliberações/resoluções são publicadas;Não; Sim; Sim;Não;Não;Não; ; Sim; Sim;Não; Sim;Não;Não; ; Sim;Fórum Estadual dos Usuários do  SUAS, Fóruns Municipais de Usuários do SUAS.; Sim; Sim; Sim;Não;Não;Não; Sim;Não; Sim; Sim; Sim;Não; Sim; Sim;Não;Não; Sim; Sim; Sim;Não;Não;Não; Sim; Sim; Sim;Não;Não;Não;Não;Não;Não; Sim;Não; ;Não; Sim; Sem frequência definida; Sim, sem regularidade; Sim, sem regularidade; Sim; Sim; Semestralmente; Nunca; Nunca; Nunca; Nunca; Sim;Não; Sim; A(o) representante não é eleita(o), mas há conselheiras(os) na CIB de forma contínua;5; ; Sim; Sim; Sim;Não;Não; ;Não; Sim;Não;Não; Sim;Não;Não;Não;Não; Sim;Não;Não; ; Sim;1;1; Não fiscaliza; ; ; ; ; ; ; ; ;Não; Sim;0;0; ;0; ;0; ; ; ; ; ; Sim; ;0; ;0; ; Não; 2 anos; Não está estabelecido no regimento, nem na lei de criação do conselho; Sim; Sim; Eleitas(os) em assembleias instaladas especificamente para esse fim; Sim; Sim;Não;Não;Não; Sim;Não; Sim; Sim;Não; ; Sim; Sim; Sim;Não;Não;Não; ;9;9;9;9;18;18;3;3;3;3;3;3;6;6;6;Rio Grande do Sul;4;completo;1996; ;0; ;2005;1;1;1;0;0;0;0;0;0;0;0;1;0;1;3;0;0;0;1;0;0;0;1;0;21;0;0;1;0;0;0;0;0;1;0;1;1;0;0;0;0;1;1;0;1;0;1;1;1;1;0;0;0;1;0;1;1;1;0;1;1;0;0;1;1;1;0;0;0;1;1;1;0;0;0;0;0;0;1;0;1;1; ; ; ; ; ; ; ; ;1;0;0;0;0;0;0;1;0;1;1;0;0;1;1;1;0;0;Até de 2005; ;De 2005 a 2008;1;1 sala exclusiva;1;1 sala compartilhada;2;De 1 a 5 salas;Até 1 banheiro;De 4 a 6 computadores exclusivos;Nenhum computador compartilhado;De 3 a 5 funcionárias(os) exclusivas(os);Até 2 funcionárias(os) não exclusivas(os);De 40 a 49 horas/semana;De 21 a 30 reuniões;De 0 a 8 reuniões;1 a 2 conselheiros;1 a 2 conselheiros;menos de 1 mês
50;CONSELHO ESTADUAL DE ASSISTÊNCIA SOCIAL;Rua;ANDRÉ PACE;630; ;Guanandy; ;79086-030;CAMPO GRANDE;MS;ceas@sedhast.ms.gov.br;(67) 3324-0515; ;-20.492.190.296.085.900;-5.464.511.632.919.310;1995; ; Não; ; Sim;2021; Sim; Sim; Não; Não; Não; Não; Não; Não; Não; Não; Não; Não; Não; Sim;Escola do SUAS MS;0;0;1;3;2;0;13; Sim; Sim; Não; Não; Sim; Sim; Sim; Sim; Não; Sim; Não; Não; Sim; Sim; Sim; Não;2;0; Sim; Sim;2;0; 5 dias por semana; 8 horas por dia; Sim; Sim; Na maioria das vezes; Na maioria das vezes; Sempre que necessário; Sempre que necessário; Sempre que necessário; Na maioria das vezes; Na maioria das vezes; Sempre que necessário;Não; ; Sim;Não; Sim;Não;Não;Não;Não; Sim; Sim;17;Não; Sim;Não;Não;Não;Não;Não;Não; Todas as deliberações/resoluções são publicadas;Não; Sim; Sim;Não;Não;Não; ;Não;Não; Sim; Sim;Não;Não; ; Sim;FEUSUAS Fórum Estadual dos Usuários do SUAS; Sim;Não; Sim; Sim; Sim; Sim; Sim; Sim;Não; Sim; Sim; Sim; Sim; Sim; Sim; Sim;Não;Não;Não;Não; Sim;Não;Não; Sim;Não; Sim;Não; Sim;Não;Não;Não; Sim;Não; ; Sim; Sim; Trimestralmente; Sim, com regularidade; Sim, com regularidade; Sim; Sim; Mensalmente; Semestralmente; Semestralmente; Anualmente; Mensalmente; Sim; Sim; Sim; A(o) representante é eleita(o) pelo CEAS e frequenta a CIB de forma contínua;12; ; Sim; Sim; Sim; Sim;Não; ;Não; Sim;Não;Não; Sim; Sim; Sim; Sim; Sim; Sim;Não;Não; ; Sim;1;1; Sim, apenas a rede socioassistencial realizada por unidades públicas do SUAS; Por meio de análise de relatórios; ; ; ; ; ; ; ;Não;Não;0;0; ;0; ;0; ; ; ; ; ; Sim; ;0; ;0; ; Não; 2 anos; 1 vez; Sim; Sim; Eleitas(os) em assembleias instaladas especificamente para esse fim;Não; Sim;Não;Não; Sim; Sim;Não; Sim;Não;Não; ;Não; Sim; Sim; Sim;Não;Não; ;6;6;6;6;12;12;2;2;2;2;2;2;4;4;4;Mato Grosso do Sul;5;completo;1995; ;0; ;2021;1;0;0;0;0;0;0;0;0;0;0;0;1;1;2;0;0;1;0;0;0;0;1;1;17;0;1;0;0;0;0;0;0;1;0;1;1;0;0;0;0;0;0;1;1;0;1;1;0;1;1;1;1;1;1;0;1;1;1;1;1;1;1;0;0;0;0;1;0;0;1;0;1;0;1;0;0;0;1;0;1;1;2; ; ; ; ; ; ; ;1;0;0;0;0;0;1;1;0;1;0;0;0;0;1;1;1;0;Até de 2005; ;De 2020 a 2023;0;Nenhuma sala exclusiva;5;De 4 a 5 salas compartilhadas;5;De 1 a 5 salas;8 ou mais banheiros;De 1 a 3 computadores exclusivos;Nenhum computador compartilhado;Até 2 funcionárias(os) exclusivas(os);Até 2 funcionárias(os) não exclusivas(os);De 40 a 49 horas/semana;De 17 a 20 reuniões; De 9 a 16 reuniões;1 a 2 conselheiros;1 a 2 conselheiros;menos de 1 mês
51;CONSELHO ESTADUAL DE ASSISTÊNCIA SOCIAL;Rua;RUA UM; ;PALÁCIO PAIAGUÁS;CENTRO POLÍTICO ADMINISTRATIVO;AO LADO DO BANCO DO BRASIL;78050-970;CUIABA;MT;ceas@setasc.mt.gov.br;(65) 99219-7225; ;-1.556.783.344.408.050;-56.073.993.444.442.700;2008; ; Sim;2022; Sim;2008; Sim; Sim; Sim; Não; Não; Não; Não; Não; Não; Não; Não; Não; Sim; Não; ;0;0;2;0;1;0;1; Sim; Não; Não; Sim; Sim; Não; Não; Não; Não; Sim; Sim; Sim; Sim; Sim; Sim; Não;6;0; Sim; Sim;2;0; 5 dias por semana; 8 horas por dia; Sim; Sim; Sempre que necessário; Sempre que necessário; Sempre que necessário; Sempre que necessário; Não custeia; Não custeia; Não custeia; Sempre que necessário;Não; ; Sim;Não; Sim; Sim;Não;Não;Não;Não;Não;16;Não; Sim; Sim;Não;Não;Não;Não;Não; Todas as deliberações/resoluções são publicadas;Não; Sim; Sim; Sim;Não;Não; ;Não;Não;Não;Não;Não; Sim; ;Não; ; Sim; Sim; Sim; Sim;Não;Não;Não;Não;Não; Sim; Sim;Não; Sim; Sim; Sim;Não;Não;Não; Sim;Não; Sim;Não;Não;Não;Não; Sim;Não; Sim;Não;Não;Não;Não;Não; ; Sim; Sim; Trimestralmente; Sim, com regularidade; Sim, com regularidade; Sim; Sim;Trimestralmente; Nunca; Anualmente; Nunca; Semestralmente; Sim; Sim; Sim; A(o) representante não é eleita(o), mas há conselheiras(os) na CIB de forma contínua;5; ; Sim; Sim; Sim; Sim;Não; ;Não;Não; Sim;Não; Sim;Não;Não; Sim;Não; Sim;Não;Não; ; Sim;1;1; Sim, apenas a rede socioassistencial realizada por unidades públicas do SUAS; Por meio de análise de relatórios; ; ; ; ; ; ; ;Não;Não;0;0; ;0; ;0; ; ; ; ; ; Sim; ;0; ;0; ; Não; 2 anos; 1 vez; Sim; Sim; Eleitas(os) em assembleias instaladas especificamente para esse fim;Não; Sim;Não; Sim; Sim; Sim; Sim;Não;Não;Não; ; Sim; Sim; Sim;Não;Não;Não; ;9;9;9;9;18;18;3;3;3;3;3;3;6;6;6;Mato Grosso;5;completo;2008; ;1;2022;2008;1;1;0;0;0;0;0;0;0;0;0;1;0;1;2;0;0;1;1;0;0;0;0;0;16;0;1;1;0;0;0;0;0;1;0;1;1;1;0;0;1;0;0;0;0;0;0;1;1;1;1;0;0;0;0;0;1;1;0;1;1;1;0;0;0;1;0;1;0;0;0;0;1;0;1;0;0;0;0;0;1;1;2; ; ; ; ; ; ; ;1;0;0;0;0;1;1;1;1;0;0;0;0;1;1;1;0;0;De 2006 a 2010;De 2020 a 2023;De 2005 a 2008;0;Nenhuma sala exclusiva;1;1 sala compartilhada;1;De 1 a 5 salas;Até 1 banheiro;De 4 a 6 computadores exclusivos;Nenhum computador compartilhado;Até 2 funcionárias(os) exclusivas(os);Até 2 funcionárias(os) não exclusivas(os);De 40 a 49 horas/semana; De 9 a 16 reuniões;De 0 a 8 reuniões;1 a 2 conselheiros;1 a 2 conselheiros;menos de 1 mês
52;CONSELHO ESTADUAL DE ASSISTÊNCIA SOCIAL;Avenida;Anhanguera;3463; ;Leste Universitário;Proximo a CICAL Automóveis;74610-010;GOIANIA;GO;ceasgo@gmail.com;(62) 3201-8517; ;-1.667.088.288.603.090;-49.243.286.848.068.200;1995; ; Sim;2013; Sim;2015; Sim; Sim; Não; Não; Não; Não; Sim; Não; Não; Não; Não; Não; Sim; Não; ;2;1;2;0;1;0;0; Sim; Sim; Não; Sim; Sim; Não; Não; Sim; Não; Sim; Não; Não; Sim; Sim; Sim; Não;5;0; Sim; Sim;6;0; 5 dias por semana; 8 horas por dia; Sim; Sim; Sempre que necessário; Sempre que necessário; Sempre que necessário; Sempre que necessário; Não custeia; Não custeia; Sempre que necessário; Sempre que necessário;Não; ; Sim;Não; Sim; Sim; Sim;Não;Não;Não;Não;11;Não; Sim;Não;Não;Não;Não;Não;Não; Todas as deliberações/resoluções são publicadas;Não; Sim;Não;Não; Sim;Não; ;Não; Sim; Sim;Não;Não;Não; ; Sim;Foruns de Usuários, de Trabalhadores e de Conselhos de Assistência Social; Sim; Sim; Sim; Sim;Não; Sim;Não; Sim;Não; Sim;Não;Não;Não; Sim; Sim; Sim; Sim;Não;Não;Não; Sim; Sim; Sim; Sim; Sim; Sim; Sim; Sim; Sim; Sim;Não; Sim;Não; ; Sim; Sim; Anualmente; Sim, com regularidade; Sim, com regularidade;Não;Não; Semestralmente;Trimestralmente; Semestralmente; Semestralmente; Nunca;Não;Não; Sim; A(o) representante é eleita(o) pelo CEAS e frequenta a CIB de forma esporádica; ; Sim;Não; Sim; Sim; Sim; Sim;Reuniões Regionais com os CMAS; Sim; Sim; Sim; Sim; Sim; Sim;Não; Sim; Sim; Sim;Não; Sim;Atualização de Leis dos CMAS e do SUAS; Sim;1;1; Não fiscaliza; ; ; ; ; ; ; ; ;Não;Não;0;0; ;0; ;0; ; ; ; ; ; Sim; ;0; ;0; ; Não tem parceria; 2 anos; 1 vez; Sim; Sim; Eleitas(os) em assembleias instaladas especificamente para esse fim;Não; Sim;Não;Não;Não;Não;Não;Não;Não; Sim;Entidades/organizações de assistência social;Não; Sim;Não;Não;Não;Não; ;10;10;10;10;20;20;2;4;4;2;4;4;4;8;8;Goiás;5;completo;1995; ;1;2013;2015;1;0;0;0;0;1;0;0;0;0;0;1;0;1;6;0;0;1;1;1;0;0;0;0;11;0;1;0;0;0;0;0;0;1;0;1;0;0;1;0;0;0;1;1;0;0;1;1;1;1;1;0;1;0;1;0;1;0;0;0;1;1;1;1;0;0;0;1;1;1;1;1;1;1;1;1;1;0;1;0;1;1; ; ; ; ; ; ; ; ;1;0;0;0;0;0;0;0;0;0;0;1;0;0;1;0;0;0;Até de 2005;De 2009 a 2014;De 2015 a 2019;3;De 2 a 3 salas exclusivas;1;1 sala compartilhada;4;De 1 a 5 salas;Até 1 banheiro;De 4 a 6 computadores exclusivos;Nenhum computador compartilhado;De 6 a 10 funcionárias(os) exclusivas(os);Até 2 funcionárias(os) não exclusivas(os);De 40 a 49 horas/semana; De 9 a 16 reuniões; ;1 a 2 conselheiros;1 a 2 conselheiros;menos de 1 mês
