IBGE;UF;Região;Pop_Total2010;Quant_municipios;q19_3;q19_8;q19_9;q19_10;q19_11;q19_12;q19_13;q19_2_rec;Idade;Faixas_etarias;d_19_8;d_19_8bin1;d_19_8bin2;d_19_8bin3;d_19_9;d_19_9bin1;d_19_9bin2;d_19_9bin3;d_19_9bin4;d_19_9bin5;d_19_10;d_19_10bin1;d_19_10bin2;d_19_10bin3;d_19_10bin4;d_19_8bin1_sum;d_19_8bin2_sum;d_19_8bin3_sum;d_19_9bin1_sum;d_19_9bin2_sum;d_19_9bin3_sum;d_19_9bin4_sum;d_19_9bin5_sum;d_19_10bin1_sum;d_19_10bin2_sum;d_19_10bin3_sum;d_19_10bin4_sum;nu_trabalhadores
11;RO;Norte;1562409;52;Masculino;Ensino Superior Incompleto;Outro(a) profissional de nível superior;Comissionado (a);Outros;De 31 a 40 horas semanais;;20/mai/99;20;16 a 29 anos;Nível Médio;#NULO!;Nível Médio;#NULO!;Outro profissional de nivel superior;#NULO!;#NULO!;#NULO!;#NULO!;#NULO!;Comissionado;#NULO!;#NULO!;Comissionado;#NULO!;#NULO!;1,00;1,00;#NULO!;#NULO!;#NULO!;#NULO!;#NULO!;1,00;#NULO!;1,00;#NULO!;2
11;RO;Norte;1562409;52;Masculino;Especialização;Administrador (a);Servidor/Estatutário (a);Outros;De 31 a 40 horas semanais;;11/abr/78;41;41 a 50 anos;Nível Superior;#NULO!;#NULO!;Nível Superior;Outro profissional de nivel superior;#NULO!;#NULO!;#NULO!;#NULO!;#NULO!;Servidor Estatutário;Servidor Estatutário;#NULO!;#NULO!;#NULO!;#NULO!;1,00;1,00;#NULO!;#NULO!;#NULO!;#NULO!;#NULO!;1,00;#NULO!;1,00;#NULO!;2
12;AC;Norte;733559;22;Feminino;Ensino Superior Completo;Outro(a) profissional de nível superior;Comissionado (a);Técnico(a) de nível superior;De 31 a 40 horas semanais;;18/mar/85;34;30 a 40 anos;Nível Superior;#NULO!;#NULO!;Nível Superior;Outro profissional de nivel superior;#NULO!;#NULO!;#NULO!;#NULO!;#NULO!;Comissionado;#NULO!;#NULO!;Comissionado;#NULO!;#NULO!;1,00;5,00;#NULO!;2,00;#NULO!;#NULO!;#NULO!;2,00;#NULO!;4,00;#NULO!;6
12;AC;Norte;733559;22;Feminino;Ensino Superior Completo;Assistente Social;Comissionado (a);Ordenador(a) de Despesas;De 31 a 40 horas semanais;27/05/2019;22/ago/78;41;41 a 50 anos;Nível Superior;#NULO!;#NULO!;Nível Superior;Assistente Social;#NULO!;Assistente Social;#NULO!;#NULO!;#NULO!;Comissionado;#NULO!;#NULO!;Comissionado;#NULO!;#NULO!;1,00;5,00;#NULO!;2,00;#NULO!;#NULO!;#NULO!;2,00;#NULO!;4,00;#NULO!;6
12;AC;Norte;733559;22;Feminino;Ensino Superior Completo;Assistente Social;Servidor/Estatutário (a);Coordenador(a);De 31 a 40 horas semanais;;30/mai/75;44;41 a 50 anos;Nível Superior;#NULO!;#NULO!;Nível Superior;Assistente Social;#NULO!;Assistente Social;#NULO!;#NULO!;#NULO!;Servidor Estatutário;Servidor Estatutário;#NULO!;#NULO!;#NULO!;#NULO!;1,00;5,00;#NULO!;2,00;#NULO!;#NULO!;#NULO!;2,00;#NULO!;4,00;#NULO!;6
12;AC;Norte;733559;22;Feminino;Ensino Superior Completo;Outro(a) profissional de nível superior;Comissionado (a);Técnico(a) de nível superior;De 31 a 40 horas semanais;;27/fev/73;46;41 a 50 anos;Nível Superior;#NULO!;#NULO!;Nível Superior;Outro profissional de nivel superior;#NULO!;#NULO!;#NULO!;#NULO!;#NULO!;Comissionado;#NULO!;#NULO!;Comissionado;#NULO!;#NULO!;1,00;5,00;#NULO!;2,00;#NULO!;#NULO!;#NULO!;2,00;#NULO!;4,00;#NULO!;6
12;AC;Norte;733559;22;Feminino;Ensino Superior Completo;Outro(a) profissional de nível superior;Comissionado (a);Técnico(a) de nível superior;De 31 a 40 horas semanais;;17/out/64;54;51 a 60 anos;Nível Superior;#NULO!;#NULO!;Nível Superior;Outro profissional de nivel superior;#NULO!;#NULO!;#NULO!;#NULO!;#NULO!;Comissionado;#NULO!;#NULO!;Comissionado;#NULO!;#NULO!;1,00;5,00;#NULO!;2,00;#NULO!;#NULO!;#NULO!;2,00;#NULO!;4,00;#NULO!;6
12;AC;Norte;733559;22;Feminino;Ensino Médio Completo;Profissional de nível médio;Servidor/Estatutário (a);Técnico(a) de nível superior;De 31 a 40 horas semanais;;01/out/58;60;51 a 60 anos;Nível Médio;#NULO!;Nível Médio;#NULO!;Profissional de nível médio;#NULO!;#NULO!;#NULO!;#NULO!;#NULO!;Servidor Estatutário;Servidor Estatutário;#NULO!;#NULO!;#NULO!;#NULO!;1,00;5,00;#NULO!;2,00;#NULO!;#NULO!;#NULO!;2,00;#NULO!;4,00;#NULO!;6
13;AM;Norte;3483985;62;Masculino;Ensino Superior Completo;Administrador (a);Comissionado (a);Técnico(a) de nível superior;De 31 a 40 horas semanais;;13/mai/78;41;41 a 50 anos;Nível Superior;#NULO!;#NULO!;Nível Superior;Outro profissional de nivel superior;#NULO!;#NULO!;#NULO!;#NULO!;#NULO!;Comissionado;#NULO!;#NULO!;Comissionado;#NULO!;#NULO!;#NULO!;2,00;#NULO!;#NULO!;#NULO!;#NULO!;#NULO!;1,00;#NULO!;1,00;#NULO!;2
13;AM;Norte;3483985;62;Feminino;Ensino Superior Completo;Contador;Servidor/Estatutário (a);Técnico(a) de nível superior;De 31 a 40 horas semanais;;07/out/56;62;Mais de 60 anos;Nível Superior;#NULO!;#NULO!;Nível Superior;Outro profissional de nivel superior;#NULO!;#NULO!;#NULO!;#NULO!;#NULO!;Servidor Estatutário;Servidor Estatutário;#NULO!;#NULO!;#NULO!;#NULO!;#NULO!;2,00;#NULO!;#NULO!;#NULO!;#NULO!;#NULO!;1,00;#NULO!;1,00;#NULO!;2
14;RR;Norte;450479;15;Feminino;Ensino Superior Incompleto;Profissional de nível médio;Servidor/Estatutário (a);Técnico(a) de nível Médio;De 31 a 40 horas semanais;21/01/2019;29/dez/94;24;16 a 29 anos;Nível Médio;#NULO!;Nível Médio;#NULO!;Profissional de nível médio;#NULO!;#NULO!;#NULO!;#NULO!;#NULO!;Servidor Estatutário;Servidor Estatutário;#NULO!;#NULO!;#NULO!;#NULO!;3,00;10,00;1,00;1,00;1,00;1,00;#NULO!;7,00;#NULO!;6,00;#NULO!;13
14;RR;Norte;450479;15;Masculino;Ensino Superior Incompleto;Profissional de nível médio;Servidor/Estatutário (a);Técnico(a) de nível Médio;De 31 a 40 horas semanais;;26/set/94;24;16 a 29 anos;Nível Médio;#NULO!;Nível Médio;#NULO!;Profissional de nível médio;#NULO!;#NULO!;#NULO!;#NULO!;#NULO!;Servidor Estatutário;Servidor Estatutário;#NULO!;#NULO!;#NULO!;#NULO!;3,00;10,00;1,00;1,00;1,00;1,00;#NULO!;7,00;#NULO!;6,00;#NULO!;13
14;RR;Norte;450479;15;Masculino;Ensino Superior Completo;Advogado (a);Comissionado (a);Outros;De 31 a 40 horas semanais;05/11/2019;02/mar/92;27;16 a 29 anos;Nível Superior;#NULO!;#NULO!;Nível Superior;Advogado;#NULO!;#NULO!;#NULO!;Advogado;#NULO!;Comissionado;#NULO!;#NULO!;Comissionado;#NULO!;#NULO!;3,00;10,00;1,00;1,00;1,00;1,00;#NULO!;7,00;#NULO!;6,00;#NULO!;13
14;RR;Norte;450479;15;Feminino;Ensino Superior Completo;Administrador (a);Servidor/Estatutário (a);Técnico(a) de nível superior;De 31 a 40 horas semanais;05/11/2019;21/jul/81;38;30 a 40 anos;Nível Superior;#NULO!;#NULO!;Nível Superior;Outro profissional de nivel superior;#NULO!;#NULO!;#NULO!;#NULO!;#NULO!;Servidor Estatutário;Servidor Estatutário;#NULO!;#NULO!;#NULO!;#NULO!;3,00;10,00;1,00;1,00;1,00;1,00;#NULO!;7,00;#NULO!;6,00;#NULO!;13
14;RR;Norte;450479;15;Masculino;Ensino Superior Completo;Outro(a) profissional de nível superior;Comissionado (a);Técnico(a) de nível superior;De 31 a 40 horas semanais;05/11/2019;04/dez/78;40;30 a 40 anos;Nível Superior;#NULO!;#NULO!;Nível Superior;Outro profissional de nivel superior;#NULO!;#NULO!;#NULO!;#NULO!;#NULO!;Comissionado;#NULO!;#NULO!;Comissionado;#NULO!;#NULO!;3,00;10,00;1,00;1,00;1,00;1,00;#NULO!;7,00;#NULO!;6,00;#NULO!;13
14;RR;Norte;450479;15;Feminino;Ensino Superior Completo;Assistente Social;Comissionado (a);Técnico(a) de nível superior;De 31 a 40 horas semanais;05/11/2019;17/dez/76;42;41 a 50 anos;Nível Superior;#NULO!;#NULO!;Nível Superior;Assistente Social;#NULO!;Assistente Social;#NULO!;#NULO!;#NULO!;Comissionado;#NULO!;#NULO!;Comissionado;#NULO!;#NULO!;3,00;10,00;1,00;1,00;1,00;1,00;#NULO!;7,00;#NULO!;6,00;#NULO!;13
14;RR;Norte;450479;15;Feminino;Especialização;Administrador (a);Servidor/Estatutário (a);Técnico(a) de nível superior;De 31 a 40 horas semanais;21/01/2019;28/ago/75;44;41 a 50 anos;Nível Superior;#NULO!;#NULO!;Nível Superior;Outro profissional de nivel superior;#NULO!;#NULO!;#NULO!;#NULO!;#NULO!;Servidor Estatutário;Servidor Estatutário;#NULO!;#NULO!;#NULO!;#NULO!;3,00;10,00;1,00;1,00;1,00;1,00;#NULO!;7,00;#NULO!;6,00;#NULO!;13
14;RR;Norte;450479;15;Feminino;Ensino Superior Completo;Outro(a) profissional de nível superior;Servidor/Estatutário (a);Técnico(a) de nível superior;De 31 a 40 horas semanais;21/01/2019;15/nov/72;46;41 a 50 anos;Nível Superior;#NULO!;#NULO!;Nível Superior;Outro profissional de nivel superior;#NULO!;#NULO!;#NULO!;#NULO!;#NULO!;Servidor Estatutário;Servidor Estatutário;#NULO!;#NULO!;#NULO!;#NULO!;3,00;10,00;1,00;1,00;1,00;1,00;#NULO!;7,00;#NULO!;6,00;#NULO!;13
14;RR;Norte;450479;15;Feminino;Ensino Médio Completo;Profissional de nível médio;Servidor/Estatutário (a);Técnico(a) de nível Médio;De 31 a 40 horas semanais;;03/jan/73;46;41 a 50 anos;Nível Médio;#NULO!;Nível Médio;#NULO!;Profissional de nível médio;#NULO!;#NULO!;#NULO!;#NULO!;#NULO!;Servidor Estatutário;Servidor Estatutário;#NULO!;#NULO!;#NULO!;#NULO!;3,00;10,00;1,00;1,00;1,00;1,00;#NULO!;7,00;#NULO!;6,00;#NULO!;13
14;RR;Norte;450479;15;Masculino;Mestrado;Antropólogo (a);Comissionado (a);Técnico(a) de nível superior;De 31 a 40 horas semanais;05/11/2019;19/mai/71;48;41 a 50 anos;Nível Superior;#NULO!;#NULO!;Nível Superior;Antropólogo;#NULO!;#NULO!;Antropólogo;#NULO!;#NULO!;Comissionado;#NULO!;#NULO!;Comissionado;#NULO!;#NULO!;3,00;10,00;1,00;1,00;1,00;1,00;#NULO!;7,00;#NULO!;6,00;#NULO!;13
14;RR;Norte;450479;15;Feminino;Ensino Superior Completo;Outro(a) profissional de nível superior;Servidor/Estatutário (a);Técnico(a) de nível Médio;De 31 a 40 horas semanais;;06/fev/69;50;41 a 50 anos;Nível Superior;#NULO!;#NULO!;Nível Superior;Outro profissional de nivel superior;#NULO!;#NULO!;#NULO!;#NULO!;#NULO!;Servidor Estatutário;Servidor Estatutário;#NULO!;#NULO!;#NULO!;#NULO!;3,00;10,00;1,00;1,00;1,00;1,00;#NULO!;7,00;#NULO!;6,00;#NULO!;13
14;RR;Norte;450479;15;Feminino;Ensino Superior Completo;Economista;Comissionado (a);Técnico(a) de nível superior;De 31 a 40 horas semanais;;22/out/66;52;51 a 60 anos;Nível Superior;#NULO!;#NULO!;Nível Superior;Outro profissional de nivel superior;#NULO!;#NULO!;#NULO!;#NULO!;#NULO!;Comissionado;#NULO!;#NULO!;Comissionado;#NULO!;#NULO!;3,00;10,00;1,00;1,00;1,00;1,00;#NULO!;7,00;#NULO!;6,00;#NULO!;13
14;RR;Norte;450479;15;Feminino;Ensino Superior Completo;Pedagogo (a);Comissionado (a);Ordenador(a) de Despesas;De 31 a 40 horas semanais;;27/ago/65;54;51 a 60 anos;Nível Superior;#NULO!;#NULO!;Nível Superior;Pedagogo;Pedagogo;#NULO!;#NULO!;#NULO!;#NULO!;Comissionado;#NULO!;#NULO!;Comissionado;#NULO!;#NULO!;3,00;10,00;1,00;1,00;1,00;1,00;#NULO!;7,00;#NULO!;6,00;#NULO!;13
15;PA;Norte;7581051;144;Masculino;Ensino Superior Completo;Administrador (a);Comissionado (a);Gestor(a);Mais de 44 horas semanais;01/01/2019;28/dez/56;62;Mais de 60 anos;Nível Superior;#NULO!;#NULO!;Nível Superior;Outro profissional de nivel superior;#NULO!;#NULO!;#NULO!;#NULO!;#NULO!;Comissionado;#NULO!;#NULO!;Comissionado;#NULO!;#NULO!;#NULO!;1,00;#NULO!;#NULO!;#NULO!;#NULO!;#NULO!;#NULO!;#NULO!;1,00;#NULO!;1
16;AP;Norte;669526;16;Masculino;Ensino Superior Completo;Administrador (a);Servidor/Estatutário (a);Técnico(a) de nível superior;De 31 a 40 horas semanais;;08/ago/81;38;30 a 40 anos;Nível Superior;#NULO!;#NULO!;Nível Superior;Outro profissional de nivel superior;#NULO!;#NULO!;#NULO!;#NULO!;#NULO!;Servidor Estatutário;Servidor Estatutário;#NULO!;#NULO!;#NULO!;#NULO!;#NULO!;4,00;#NULO!;1,00;#NULO!;#NULO!;#NULO!;4,00;#NULO!;#NULO!;#NULO!;4
16;AP;Norte;669526;16;Masculino;Especialização;Contador;Servidor/Estatutário (a);Técnico(a) de nível superior;De 31 a 40 horas semanais;;12/ago/71;48;41 a 50 anos;Nível Superior;#NULO!;#NULO!;Nível Superior;Outro profissional de nivel superior;#NULO!;#NULO!;#NULO!;#NULO!;#NULO!;Servidor Estatutário;Servidor Estatutário;#NULO!;#NULO!;#NULO!;#NULO!;#NULO!;4,00;#NULO!;1,00;#NULO!;#NULO!;#NULO!;4,00;#NULO!;#NULO!;#NULO!;4
16;AP;Norte;669526;16;Feminino;Especialização;Assistente Social;Servidor/Estatutário (a);Técnico(a) de nível superior;De 31 a 40 horas semanais;;06/mai/70;49;41 a 50 anos;Nível Superior;#NULO!;#NULO!;Nível Superior;Assistente Social;#NULO!;Assistente Social;#NULO!;#NULO!;#NULO!;Servidor Estatutário;Servidor Estatutário;#NULO!;#NULO!;#NULO!;#NULO!;#NULO!;4,00;#NULO!;1,00;#NULO!;#NULO!;#NULO!;4,00;#NULO!;#NULO!;#NULO!;4
16;AP;Norte;669526;16;Feminino;Ensino Superior Completo;Administrador (a);Servidor/Estatutário (a);Técnico(a) de nível superior;De 31 a 40 horas semanais;;29/set/66;52;51 a 60 anos;Nível Superior;#NULO!;#NULO!;Nível Superior;Outro profissional de nivel superior;#NULO!;#NULO!;#NULO!;#NULO!;#NULO!;Servidor Estatutário;Servidor Estatutário;#NULO!;#NULO!;#NULO!;#NULO!;#NULO!;4,00;#NULO!;1,00;#NULO!;#NULO!;#NULO!;4,00;#NULO!;#NULO!;#NULO!;4
17;TO;Norte;1383445;139;Masculino;Ensino Superior Completo;Outro(a) profissional de nível superior;Servidor/Estatutário (a);Técnico(a) de nível superior;De 31 a 40 horas semanais;28/11/2018;04/jul/89;30;30 a 40 anos;Nível Superior;#NULO!;#NULO!;Nível Superior;Outro profissional de nivel superior;#NULO!;#NULO!;#NULO!;#NULO!;#NULO!;Servidor Estatutário;Servidor Estatutário;#NULO!;#NULO!;#NULO!;#NULO!;#NULO!;3,00;#NULO!;#NULO!;#NULO!;#NULO!;#NULO!;2,00;#NULO!;1,00;#NULO!;3
17;TO;Norte;1383445;139;Feminino;Ensino Superior Completo;Outro(a) profissional de nível superior;Servidor/Estatutário (a);Técnico(a) de nível superior;De 31 a 40 horas semanais;28/11/2018;17/dez/68;50;41 a 50 anos;Nível Superior;#NULO!;#NULO!;Nível Superior;Outro profissional de nivel superior;#NULO!;#NULO!;#NULO!;#NULO!;#NULO!;Servidor Estatutário;Servidor Estatutário;#NULO!;#NULO!;#NULO!;#NULO!;#NULO!;3,00;#NULO!;#NULO!;#NULO!;#NULO!;#NULO!;2,00;#NULO!;1,00;#NULO!;3
17;TO;Norte;1383445;139;Masculino;Ensino Superior Completo;Outro(a) profissional de nível superior;Comissionado (a);Ordenador(a) de Despesas;De 31 a 40 horas semanais;01/02/2019;12/set/57;61;Mais de 60 anos;Nível Superior;#NULO!;#NULO!;Nível Superior;Outro profissional de nivel superior;#NULO!;#NULO!;#NULO!;#NULO!;#NULO!;Comissionado;#NULO!;#NULO!;Comissionado;#NULO!;#NULO!;#NULO!;3,00;#NULO!;#NULO!;#NULO!;#NULO!;#NULO!;2,00;#NULO!;1,00;#NULO!;3
21;MA;Nordeste;6574789;217;Feminino;Ensino Superior Completo;Administrador (a);Servidor (a) Temporário (a);Apoio Administrativo;De 31 a 40 horas semanais;01/04/2010;03/mar/85;34;30 a 40 anos;Nível Superior;#NULO!;#NULO!;Nível Superior;Outro profissional de nivel superior;#NULO!;#NULO!;#NULO!;#NULO!;#NULO!;Outros vínculos não permanentes;#NULO!;#NULO!;#NULO!;Outros vínculos não permanentes;#NULO!;2,00;4,00;#NULO!;#NULO!;#NULO!;#NULO!;#NULO!;4,00;#NULO!;1,00;1,00;6
21;MA;Nordeste;6574789;217;Masculino;Ensino Superior Completo;Outro(a) profissional de nível superior;Comissionado (a);Ordenador(a) de Despesas;De 41 a 40 horas semanais;01/03/2019;04/abr/67;52;51 a 60 anos;Nível Superior;#NULO!;#NULO!;Nível Superior;Outro profissional de nivel superior;#NULO!;#NULO!;#NULO!;#NULO!;#NULO!;Comissionado;#NULO!;#NULO!;Comissionado;#NULO!;#NULO!;2,00;4,00;#NULO!;#NULO!;#NULO!;#NULO!;#NULO!;4,00;#NULO!;1,00;1,00;6
21;MA;Nordeste;6574789;217;Masculino;Ensino Médio Completo;Profissional de nível médio;Servidor/Estatutário (a);Técnico(a) de nível Médio;De 31 a 40 horas semanais;01/04/1982;24/jan/60;59;51 a 60 anos;Nível Médio;#NULO!;Nível Médio;#NULO!;Profissional de nível médio;#NULO!;#NULO!;#NULO!;#NULO!;#NULO!;Servidor Estatutário;Servidor Estatutário;#NULO!;#NULO!;#NULO!;#NULO!;2,00;4,00;#NULO!;#NULO!;#NULO!;#NULO!;#NULO!;4,00;#NULO!;1,00;1,00;6
21;MA;Nordeste;6574789;217;Feminino;Ensino Superior Completo;Outro(a) profissional de nível superior;Servidor/Estatutário (a);Técnico(a) de nível superior;De 31 a 40 horas semanais;01/01/1982;01/abr/60;59;51 a 60 anos;Nível Superior;#NULO!;#NULO!;Nível Superior;Outro profissional de nivel superior;#NULO!;#NULO!;#NULO!;#NULO!;#NULO!;Servidor Estatutário;Servidor Estatutário;#NULO!;#NULO!;#NULO!;#NULO!;2,00;4,00;#NULO!;#NULO!;#NULO!;#NULO!;#NULO!;4,00;#NULO!;1,00;1,00;6
21;MA;Nordeste;6574789;217;Feminino;Ensino Superior Completo;Outro(a) profissional de nível superior;Servidor/Estatutário (a);Técnico(a) de nível superior;De 31 a 40 horas semanais;01/01/1982;26/mar/56;63;Mais de 60 anos;Nível Superior;#NULO!;#NULO!;Nível Superior;Outro profissional de nivel superior;#NULO!;#NULO!;#NULO!;#NULO!;#NULO!;Servidor Estatutário;Servidor Estatutário;#NULO!;#NULO!;#NULO!;#NULO!;2,00;4,00;#NULO!;#NULO!;#NULO!;#NULO!;#NULO!;4,00;#NULO!;1,00;1,00;6
21;MA;Nordeste;6574789;217;Feminino;Ensino Médio Completo;Profissional de nível médio;Servidor/Estatutário (a);Técnico(a) de nível Médio;De 31 a 40 horas semanais;01/04/1982;30/set/52;66;Mais de 60 anos;Nível Médio;#NULO!;Nível Médio;#NULO!;Profissional de nível médio;#NULO!;#NULO!;#NULO!;#NULO!;#NULO!;Servidor Estatutário;Servidor Estatutário;#NULO!;#NULO!;#NULO!;#NULO!;2,00;4,00;#NULO!;#NULO!;#NULO!;#NULO!;#NULO!;4,00;#NULO!;1,00;1,00;6
22;PI;Nordeste;3118360;224;Feminino;Ensino Superior Completo;Advogado (a);Comissionado (a);Gestor(a);De 41 a 40 horas semanais;03/04/2018;25/jun/86;33;30 a 40 anos;Nível Superior;#NULO!;#NULO!;Nível Superior;Advogado;#NULO!;#NULO!;#NULO!;Advogado;#NULO!;Comissionado;#NULO!;#NULO!;Comissionado;#NULO!;#NULO!;#NULO!;2,00;#NULO!;#NULO!;#NULO!;1,00;#NULO!;#NULO!;#NULO!;2,00;#NULO!;2
22;PI;Nordeste;3118360;224;Masculino;Ensino Superior Completo;Outro(a) profissional de nível superior;Comissionado (a);Coordenador(a);De 21 a 30 horas semanais;;10/out/80;38;30 a 40 anos;Nível Superior;#NULO!;#NULO!;Nível Superior;Outro profissional de nivel superior;#NULO!;#NULO!;#NULO!;#NULO!;#NULO!;Comissionado;#NULO!;#NULO!;Comissionado;#NULO!;#NULO!;#NULO!;2,00;#NULO!;#NULO!;#NULO!;1,00;#NULO!;#NULO!;#NULO!;2,00;#NULO!;2
23;CE;Nordeste;8452381;184;Feminino;Ensino Médio Completo;Profissional de nível médio;Trabalhador (a) de Empresa/ Cooperativa/ Entidade Prestadora de Serviços;Técnico(a) de nível Médio;De 41 a 40 horas semanais;18/01/2010;#NULL!;#NULO!;#NULO!;Nível Médio;#NULO!;Nível Médio;#NULO!;Profissional de nível médio;#NULO!;#NULO!;#NULO!;#NULO!;#NULO!;Outros vínculos não permanentes;#NULO!;#NULO!;#NULO!;Outros vínculos não permanentes;1,00;12,00;8,00;#NULO!;#NULO!;#NULO!;#NULO!;#NULO!;5,00;4,00;#NULO!;12,00;21
23;CE;Nordeste;8452381;184;Feminino;Ensino Superior Incompleto;Profissional de nível médio;Empregado (a) Público (a) Celetista (CLT);Técnico(a) de nível Médio;De 41 a 40 horas semanais;02/04/2018;25/mai/99;20;16 a 29 anos;Nível Médio;#NULO!;Nível Médio;#NULO!;Profissional de nível médio;#NULO!;#NULO!;#NULO!;#NULO!;#NULO!;Empregado Público (CLT);#NULO!;Empregado Público (CLT);#NULO!;#NULO!;1,00;12,00;8,00;#NULO!;#NULO!;#NULO!;#NULO!;#NULO!;5,00;4,00;#NULO!;12,00;21
23;CE;Nordeste;8452381;184;Feminino;Ensino Superior Incompleto;Profissional de nível médio;Terceirizado (a);Técnico(a) de nível Médio;De 31 a 40 horas semanais;02/01/2015;19/ago/94;25;16 a 29 anos;Nível Médio;#NULO!;Nível Médio;#NULO!;Profissional de nível médio;#NULO!;#NULO!;#NULO!;#NULO!;#NULO!;Outros vínculos não permanentes;#NULO!;#NULO!;#NULO!;Outros vínculos não permanentes;1,00;12,00;8,00;#NULO!;#NULO!;#NULO!;#NULO!;#NULO!;5,00;4,00;#NULO!;12,00;21
23;CE;Nordeste;8452381;184;Feminino;Ensino Médio Completo;Profissional de nível médio;Empregado (a) Público (a) Celetista (CLT);Técnico(a) de nível Médio;De 41 a 40 horas semanais;02/09/2013;19/ago/89;30;30 a 40 anos;Nível Médio;#NULO!;Nível Médio;#NULO!;Profissional de nível médio;#NULO!;#NULO!;#NULO!;#NULO!;#NULO!;Empregado Público (CLT);#NULO!;Empregado Público (CLT);#NULO!;#NULO!;1,00;12,00;8,00;#NULO!;#NULO!;#NULO!;#NULO!;#NULO!;5,00;4,00;#NULO!;12,00;21
23;CE;Nordeste;8452381;184;Masculino;Ensino Superior Completo;Outro(a) profissional de nível superior;Trabalhador (a) de Empresa/ Cooperativa/ Entidade Prestadora de Serviços;Técnico(a) de nível superior;De 41 a 40 horas semanais;15/01/2018;03/mar/88;31;30 a 40 anos;Nível Superior;#NULO!;#NULO!;Nível Superior;Outro profissional de nivel superior;#NULO!;#NULO!;#NULO!;#NULO!;#NULO!;Outros vínculos não permanentes;#NULO!;#NULO!;#NULO!;Outros vínculos não permanentes;1,00;12,00;8,00;#NULO!;#NULO!;#NULO!;#NULO!;#NULO!;5,00;4,00;#NULO!;12,00;21
23;CE;Nordeste;8452381;184;Feminino;Ensino Superior Completo;Outro(a) profissional de nível superior;Trabalhador (a) de Empresa/ Cooperativa/ Entidade Prestadora de Serviços;Técnico(a) de nível superior;De 41 a 40 horas semanais;01/02/2006;09/out/86;32;30 a 40 anos;Nível Superior;#NULO!;#NULO!;Nível Superior;Outro profissional de nivel superior;#NULO!;#NULO!;#NULO!;#NULO!;#NULO!;Outros vínculos não permanentes;#NULO!;#NULO!;#NULO!;Outros vínculos não permanentes;1,00;12,00;8,00;#NULO!;#NULO!;#NULO!;#NULO!;#NULO!;5,00;4,00;#NULO!;12,00;21
23;CE;Nordeste;8452381;184;Feminino;Ensino Superior Incompleto;Outro(a) profissional de nível superior;Terceirizado (a);Técnico(a) de nível superior;De 41 a 40 horas semanais;01/12/2004;03/out/85;33;30 a 40 anos;Nível Médio;#NULO!;Nível Médio;#NULO!;Outro profissional de nivel superior;#NULO!;#NULO!;#NULO!;#NULO!;#NULO!;Outros vínculos não permanentes;#NULO!;#NULO!;#NULO!;Outros vínculos não permanentes;1,00;12,00;8,00;#NULO!;#NULO!;#NULO!;#NULO!;#NULO!;5,00;4,00;#NULO!;12,00;21
23;CE;Nordeste;8452381;184;Feminino;Ensino Médio Completo;Profissional de nível médio;Trabalhador (a) de Empresa/ Cooperativa/ Entidade Prestadora de Serviços;Técnico(a) de nível Médio;De 41 a 40 horas semanais;06/04/2005;09/mai/86;33;30 a 40 anos;Nível Médio;#NULO!;Nível Médio;#NULO!;Profissional de nível médio;#NULO!;#NULO!;#NULO!;#NULO!;#NULO!;Outros vínculos não permanentes;#NULO!;#NULO!;#NULO!;Outros vínculos não permanentes;1,00;12,00;8,00;#NULO!;#NULO!;#NULO!;#NULO!;#NULO!;5,00;4,00;#NULO!;12,00;21
23;CE;Nordeste;8452381;184;Feminino;Ensino Médio Completo;Profissional de nível médio;Trabalhador (a) de Empresa/ Cooperativa/ Entidade Prestadora de Serviços;Técnico(a) de nível Médio;De 41 a 40 horas semanais;08/08/2012;13/mar/85;34;30 a 40 anos;Nível Médio;#NULO!;Nível Médio;#NULO!;Profissional de nível médio;#NULO!;#NULO!;#NULO!;#NULO!;#NULO!;Outros vínculos não permanentes;#NULO!;#NULO!;#NULO!;Outros vínculos não permanentes;1,00;12,00;8,00;#NULO!;#NULO!;#NULO!;#NULO!;#NULO!;5,00;4,00;#NULO!;12,00;21
23;CE;Nordeste;8452381;184;Feminino;Ensino Médio Completo;Profissional de nível médio;Empregado (a) Público (a) Celetista (CLT);Técnico(a) de nível Médio;De 41 a 40 horas semanais;02/08/2002;01/set/84;34;30 a 40 anos;Nível Médio;#NULO!;Nível Médio;#NULO!;Profissional de nível médio;#NULO!;#NULO!;#NULO!;#NULO!;#NULO!;Empregado Público (CLT);#NULO!;Empregado Público (CLT);#NULO!;#NULO!;1,00;12,00;8,00;#NULO!;#NULO!;#NULO!;#NULO!;#NULO!;5,00;4,00;#NULO!;12,00;21
23;CE;Nordeste;8452381;184;Feminino;Ensino Médio Completo;Profissional de nível médio;Trabalhador (a) de Empresa/ Cooperativa/ Entidade Prestadora de Serviços;Técnico(a) de nível Médio;De 31 a 40 horas semanais;01/06/2002;15/out/82;36;30 a 40 anos;Nível Médio;#NULO!;Nível Médio;#NULO!;Profissional de nível médio;#NULO!;#NULO!;#NULO!;#NULO!;#NULO!;Outros vínculos não permanentes;#NULO!;#NULO!;#NULO!;Outros vínculos não permanentes;1,00;12,00;8,00;#NULO!;#NULO!;#NULO!;#NULO!;#NULO!;5,00;4,00;#NULO!;12,00;21
23;CE;Nordeste;8452381;184;Feminino;Ensino Superior Completo;Outro(a) profissional de nível superior;Terceirizado (a);Técnico(a) de nível superior;De 31 a 40 horas semanais;01/03/2000;08/ago/82;37;30 a 40 anos;Nível Superior;#NULO!;#NULO!;Nível Superior;Outro profissional de nivel superior;#NULO!;#NULO!;#NULO!;#NULO!;#NULO!;Outros vínculos não permanentes;#NULO!;#NULO!;#NULO!;Outros vínculos não permanentes;1,00;12,00;8,00;#NULO!;#NULO!;#NULO!;#NULO!;#NULO!;5,00;4,00;#NULO!;12,00;21
23;CE;Nordeste;8452381;184;Feminino;Ensino Médio Completo;Profissional de nível médio;Terceirizado (a);Técnico(a) de nível Médio;De 31 a 40 horas semanais;05/08/2015;25/jul/81;38;30 a 40 anos;Nível Médio;#NULO!;Nível Médio;#NULO!;Profissional de nível médio;#NULO!;#NULO!;#NULO!;#NULO!;#NULO!;Outros vínculos não permanentes;#NULO!;#NULO!;#NULO!;Outros vínculos não permanentes;1,00;12,00;8,00;#NULO!;#NULO!;#NULO!;#NULO!;#NULO!;5,00;4,00;#NULO!;12,00;21
23;CE;Nordeste;8452381;184;Feminino;Ensino Superior Incompleto;Profissional de nível médio;Terceirizado (a);Técnico(a) de nível Médio;De 21 a 30 horas semanais;;20/nov/80;38;30 a 40 anos;Nível Médio;#NULO!;Nível Médio;#NULO!;Profissional de nível médio;#NULO!;#NULO!;#NULO!;#NULO!;#NULO!;Outros vínculos não permanentes;#NULO!;#NULO!;#NULO!;Outros vínculos não permanentes;1,00;12,00;8,00;#NULO!;#NULO!;#NULO!;#NULO!;#NULO!;5,00;4,00;#NULO!;12,00;21
23;CE;Nordeste;8452381;184;Feminino;Ensino Médio Incompleto;Profissional de nível médio;Terceirizado (a);Técnico(a) de nível Médio;De 31 a 40 horas semanais;01/06/2012;17/jul/81;38;30 a 40 anos;Nível fundamental;Nível fundamental;#NULO!;#NULO!;Profissional de nível médio;#NULO!;#NULO!;#NULO!;#NULO!;#NULO!;Outros vínculos não permanentes;#NULO!;#NULO!;#NULO!;Outros vínculos não permanentes;1,00;12,00;8,00;#NULO!;#NULO!;#NULO!;#NULO!;#NULO!;5,00;4,00;#NULO!;12,00;21
23;CE;Nordeste;8452381;184;Masculino;Ensino Superior Completo;Outro(a) profissional de nível superior;Empregado (a) Público (a) Celetista (CLT);Técnico(a) de nível superior;De 31 a 40 horas semanais;22/09/2014;01/abr/80;39;30 a 40 anos;Nível Superior;#NULO!;#NULO!;Nível Superior;Outro profissional de nivel superior;#NULO!;#NULO!;#NULO!;#NULO!;#NULO!;Empregado Público (CLT);#NULO!;Empregado Público (CLT);#NULO!;#NULO!;1,00;12,00;8,00;#NULO!;#NULO!;#NULO!;#NULO!;#NULO!;5,00;4,00;#NULO!;12,00;21
23;CE;Nordeste;8452381;184;Masculino;Ensino Superior Completo;Outro(a) profissional de nível superior;Servidor/Estatutário (a);Técnico(a) de nível superior;De 31 a 40 horas semanais;03/05/1984;07/mai/64;55;51 a 60 anos;Nível Superior;#NULO!;#NULO!;Nível Superior;Outro profissional de nivel superior;#NULO!;#NULO!;#NULO!;#NULO!;#NULO!;Servidor Estatutário;Servidor Estatutário;#NULO!;#NULO!;#NULO!;1,00;12,00;8,00;#NULO!;#NULO!;#NULO!;#NULO!;#NULO!;5,00;4,00;#NULO!;12,00;21
23;CE;Nordeste;8452381;184;Feminino;Ensino Superior Completo;Outro(a) profissional de nível superior;Servidor/Estatutário (a);Técnico(a) de nível Médio;De 21 a 30 horas semanais;19/04/1982;10/abr/61;58;51 a 60 anos;Nível Superior;#NULO!;#NULO!;Nível Superior;Outro profissional de nivel superior;#NULO!;#NULO!;#NULO!;#NULO!;#NULO!;Servidor Estatutário;Servidor Estatutário;#NULO!;#NULO!;#NULO!;1,00;12,00;8,00;#NULO!;#NULO!;#NULO!;#NULO!;#NULO!;5,00;4,00;#NULO!;12,00;21
23;CE;Nordeste;8452381;184;Feminino;Ensino Superior Completo;Economista;Servidor/Estatutário (a);Técnico(a) de nível superior;De 41 a 40 horas semanais;20/04/1981;28/abr/56;63;Mais de 60 anos;Nível Superior;#NULO!;#NULO!;Nível Superior;Outro profissional de nivel superior;#NULO!;#NULO!;#NULO!;#NULO!;#NULO!;Servidor Estatutário;Servidor Estatutário;#NULO!;#NULO!;#NULO!;1,00;12,00;8,00;#NULO!;#NULO!;#NULO!;#NULO!;#NULO!;5,00;4,00;#NULO!;12,00;21
23;CE;Nordeste;8452381;184;Feminino;Ensino Superior Completo;Outro(a) profissional de nível superior;Servidor/Estatutário (a);Técnico(a) de nível superior;De 31 a 40 horas semanais;29/04/1985;03/abr/53;66;Mais de 60 anos;Nível Superior;#NULO!;#NULO!;Nível Superior;Outro profissional de nivel superior;#NULO!;#NULO!;#NULO!;#NULO!;#NULO!;Servidor Estatutário;Servidor Estatutário;#NULO!;#NULO!;#NULO!;1,00;12,00;8,00;#NULO!;#NULO!;#NULO!;#NULO!;#NULO!;5,00;4,00;#NULO!;12,00;21
23;CE;Nordeste;8452381;184;Masculino;Ensino Superior Incompleto;Profissional de nível médio;Servidor/Estatutário (a);Técnico(a) de nível Médio;De 31 a 40 horas semanais;01/11/2016;09/dez/51;67;Mais de 60 anos;Nível Médio;#NULO!;Nível Médio;#NULO!;Profissional de nível médio;#NULO!;#NULO!;#NULO!;#NULO!;#NULO!;Servidor Estatutário;Servidor Estatutário;#NULO!;#NULO!;#NULO!;1,00;12,00;8,00;#NULO!;#NULO!;#NULO!;#NULO!;#NULO!;5,00;4,00;#NULO!;12,00;21
24;RN;Nordeste;3168027;167;Masculino;Ensino Superior Completo;Outro(a) profissional de nível superior;Comissionado (a);Técnico(a) de nível superior;De 31 a 40 horas semanais;02/01/2019;28/jan/95;24;16 a 29 anos;Nível Superior;#NULO!;#NULO!;Nível Superior;Outro profissional de nivel superior;#NULO!;#NULO!;#NULO!;#NULO!;#NULO!;Comissionado;#NULO!;#NULO!;Comissionado;#NULO!;#NULO!;1,00;2,00;#NULO!;1,00;#NULO!;#NULO!;#NULO!;#NULO!;#NULO!;3,00;#NULO!;3
24;RN;Nordeste;3168027;167;Masculino;Ensino Superior Incompleto;Sem formação profissional;Comissionado (a);Apoio Administrativo;De 31 a 40 horas semanais;;25/abr/92;27;16 a 29 anos;Nível Médio;#NULO!;Nível Médio;#NULO!;Outro profissional de nivel superior;#NULO!;#NULO!;#NULO!;#NULO!;#NULO!;Comissionado;#NULO!;#NULO!;Comissionado;#NULO!;#NULO!;1,00;2,00;#NULO!;1,00;#NULO!;#NULO!;#NULO!;#NULO!;#NULO!;3,00;#NULO!;3
24;RN;Nordeste;3168027;167;Feminino;Especialização;Assistente Social;Comissionado (a);Coordenador(a);De 31 a 40 horas semanais;;07/jan/75;44;41 a 50 anos;Nível Superior;#NULO!;#NULO!;Nível Superior;Assistente Social;#NULO!;Assistente Social;#NULO!;#NULO!;#NULO!;Comissionado;#NULO!;#NULO!;Comissionado;#NULO!;#NULO!;1,00;2,00;#NULO!;1,00;#NULO!;#NULO!;#NULO!;#NULO!;#NULO!;3,00;#NULO!;3
25;PB;Nordeste;3766528;223;Masculino;Ensino Superior Completo;Médico(a);Servidor (a) Temporário (a);Técnico(a) de nível superior;De 41 a 40 horas semanais;02/02/2007;21/jul/47;72;Mais de 60 anos;Nível Superior;#NULO!;#NULO!;Nível Superior;Outro profissional de nivel superior;#NULO!;#NULO!;#NULO!;#NULO!;#NULO!;Outros vínculos não permanentes;#NULO!;#NULO!;#NULO!;Outros vínculos não permanentes;#NULO!;#NULO!;1,00;#NULO!;#NULO!;#NULO!;#NULO!;#NULO!;#NULO!;#NULO!;#NULO!;1,00;1
26;PE;Nordeste;8796448;185;Feminino;Ensino Superior Completo;Assistente Social;Comissionado (a);Técnico(a) de nível superior;Até 10 horas semanais;;30/jul/92;27;16 a 29 anos;Nível Superior;#NULO!;#NULO!;Nível Superior;Assistente Social;#NULO!;Assistente Social;#NULO!;#NULO!;#NULO!;Comissionado;#NULO!;#NULO!;Comissionado;#NULO!;2,00;3,00;8,00;#NULO!;2,00;#NULO!;1,00;#NULO!;8,00;#NULO!;2,00;3,00;13
26;PE;Nordeste;8796448;185;Feminino;Ensino Superior Completo;Assistente Social;Terceirizado (a);Técnico(a) de nível superior;Até 10 horas semanais;;02/ago/76;43;41 a 50 anos;Nível Superior;#NULO!;#NULO!;Nível Superior;Assistente Social;#NULO!;Assistente Social;#NULO!;#NULO!;#NULO!;Outros vínculos não permanentes;#NULO!;#NULO!;#NULO!;Outros vínculos não permanentes;2,00;3,00;8,00;#NULO!;2,00;#NULO!;1,00;#NULO!;8,00;#NULO!;2,00;3,00;13
26;PE;Nordeste;8796448;185;Feminino;Especialização;Administrador (a);Terceirizado (a);Técnico(a) de nível superior;Até 10 horas semanais;;18/set/68;50;41 a 50 anos;Nível Superior;#NULO!;#NULO!;Nível Superior;Outro profissional de nivel superior;#NULO!;#NULO!;#NULO!;#NULO!;#NULO!;Outros vínculos não permanentes;#NULO!;#NULO!;#NULO!;Outros vínculos não permanentes;2,00;3,00;8,00;#NULO!;2,00;#NULO!;1,00;#NULO!;8,00;#NULO!;2,00;3,00;13
26;PE;Nordeste;8796448;185;Feminino;Ensino Médio Completo;Profissional de nível médio;Servidor/Estatutário (a);Técnico(a) de nível Médio;Até 10 horas semanais;;10/fev/64;55;51 a 60 anos;Nível Médio;#NULO!;Nível Médio;#NULO!;Profissional de nível médio;#NULO!;#NULO!;#NULO!;#NULO!;#NULO!;Servidor Estatutário;Servidor Estatutário;#NULO!;#NULO!;#NULO!;2,00;3,00;8,00;#NULO!;2,00;#NULO!;1,00;#NULO!;8,00;#NULO!;2,00;3,00;13
26;PE;Nordeste;8796448;185;Feminino;Ensino Médio Completo;Profissional de nível médio;Servidor/Estatutário (a);Técnico(a) de nível Médio;Até 10 horas semanais;;28/mar/64;55;51 a 60 anos;Nível Médio;#NULO!;Nível Médio;#NULO!;Profissional de nível médio;#NULO!;#NULO!;#NULO!;#NULO!;#NULO!;Servidor Estatutário;Servidor Estatutário;#NULO!;#NULO!;#NULO!;2,00;3,00;8,00;#NULO!;2,00;#NULO!;1,00;#NULO!;8,00;#NULO!;2,00;3,00;13
26;PE;Nordeste;8796448;185;Feminino;Ensino Superior Completo;Outro(a) profissional de nível superior;Servidor/Estatutário (a);Coordenador(a);De 41 a 40 horas semanais;01/05/2015;08/dez/62;56;51 a 60 anos;Nível Superior;#NULO!;#NULO!;Nível Superior;Outro profissional de nivel superior;#NULO!;#NULO!;#NULO!;#NULO!;#NULO!;Servidor Estatutário;Servidor Estatutário;#NULO!;#NULO!;#NULO!;2,00;3,00;8,00;#NULO!;2,00;#NULO!;1,00;#NULO!;8,00;#NULO!;2,00;3,00;13
26;PE;Nordeste;8796448;185;Feminino;Ensino Fundamental Completo;Sem formação profissional;Servidor/Estatutário (a);Outros;Até 10 horas semanais;;28/fev/60;59;51 a 60 anos;Nível fundamental;Nível fundamental;#NULO!;#NULO!;Outro profissional de nivel superior;#NULO!;#NULO!;#NULO!;#NULO!;#NULO!;Servidor Estatutário;Servidor Estatutário;#NULO!;#NULO!;#NULO!;2,00;3,00;8,00;#NULO!;2,00;#NULO!;1,00;#NULO!;8,00;#NULO!;2,00;3,00;13
26;PE;Nordeste;8796448;185;Feminino;Ensino Superior Completo;Outro(a) profissional de nível superior;Servidor/Estatutário (a);Técnico(a) de nível superior;Até 10 horas semanais;;09/jun/55;64;Mais de 60 anos;Nível Superior;#NULO!;#NULO!;Nível Superior;Outro profissional de nivel superior;#NULO!;#NULO!;#NULO!;#NULO!;#NULO!;Servidor Estatutário;Servidor Estatutário;#NULO!;#NULO!;#NULO!;2,00;3,00;8,00;#NULO!;2,00;#NULO!;1,00;#NULO!;8,00;#NULO!;2,00;3,00;13
26;PE;Nordeste;8796448;185;Feminino;Ensino Superior Completo;Outro(a) profissional de nível superior;Servidor/Estatutário (a);Técnico(a) de nível superior;Até 10 horas semanais;;06/dez/53;65;Mais de 60 anos;Nível Superior;#NULO!;#NULO!;Nível Superior;Outro profissional de nivel superior;#NULO!;#NULO!;#NULO!;#NULO!;#NULO!;Servidor Estatutário;Servidor Estatutário;#NULO!;#NULO!;#NULO!;2,00;3,00;8,00;#NULO!;2,00;#NULO!;1,00;#NULO!;8,00;#NULO!;2,00;3,00;13
26;PE;Nordeste;8796448;185;Masculino;Ensino Superior Completo;Outro(a) profissional de nível superior;Terceirizado (a);Técnico(a) de nível superior;Até 10 horas semanais;;29/jan/53;66;Mais de 60 anos;Nível Superior;#NULO!;#NULO!;Nível Superior;Outro profissional de nivel superior;#NULO!;#NULO!;#NULO!;#NULO!;#NULO!;Outros vínculos não permanentes;#NULO!;#NULO!;#NULO!;Outros vínculos não permanentes;2,00;3,00;8,00;#NULO!;2,00;#NULO!;1,00;#NULO!;8,00;#NULO!;2,00;3,00;13
26;PE;Nordeste;8796448;185;Masculino;Ensino Superior Completo;Advogado (a);Comissionado (a);Outros;De 31 a 40 horas semanais;01/03/2019;14/mar/52;67;Mais de 60 anos;Nível Superior;#NULO!;#NULO!;Nível Superior;Advogado;#NULO!;#NULO!;#NULO!;Advogado;#NULO!;Comissionado;#NULO!;#NULO!;Comissionado;#NULO!;2,00;3,00;8,00;#NULO!;2,00;#NULO!;1,00;#NULO!;8,00;#NULO!;2,00;3,00;13
26;PE;Nordeste;8796448;185;Feminino;Ensino Médio Completo;Profissional de nível médio;Servidor/Estatutário (a);Técnico(a) de nível Médio;Até 10 horas semanais;;28/mar/51;68;Mais de 60 anos;Nível Médio;#NULO!;Nível Médio;#NULO!;Profissional de nível médio;#NULO!;#NULO!;#NULO!;#NULO!;#NULO!;Servidor Estatutário;Servidor Estatutário;#NULO!;#NULO!;#NULO!;2,00;3,00;8,00;#NULO!;2,00;#NULO!;1,00;#NULO!;8,00;#NULO!;2,00;3,00;13
26;PE;Nordeste;8796448;185;Feminino;Ensino Fundamental Completo;Sem formação profissional;Servidor/Estatutário (a);Técnico(a) de nível Médio;Até 10 horas semanais;;10/fev/47;72;Mais de 60 anos;Nível fundamental;Nível fundamental;#NULO!;#NULO!;Outro profissional de nivel superior;#NULO!;#NULO!;#NULO!;#NULO!;#NULO!;Servidor Estatutário;Servidor Estatutário;#NULO!;#NULO!;#NULO!;2,00;3,00;8,00;#NULO!;2,00;#NULO!;1,00;#NULO!;8,00;#NULO!;2,00;3,00;13
27;AL;Nordeste;3120494;102;Feminino;Ensino Superior Incompleto;Sem formação profissional;Outro vínculo não permanente;Estagiário(a);De 21 a 30 horas semanais;17/11/2017;22/mar/96;23;16 a 29 anos;Nível Médio;#NULO!;Nível Médio;#NULO!;Outro profissional de nivel superior;#NULO!;#NULO!;#NULO!;#NULO!;#NULO!;Outros vínculos não permanentes;#NULO!;#NULO!;#NULO!;Outros vínculos não permanentes;#NULO!;4,00;10,00;#NULO!;#NULO!;#NULO!;2,00;#NULO!;5,00;#NULO!;6,00;3,00;14
27;AL;Nordeste;3120494;102;Feminino;Ensino Superior Completo;Advogado (a);Comissionado (a);Ordenador(a) de Despesas;De 31 a 40 horas semanais;18/01/2017;07/dez/91;27;16 a 29 anos;Nível Superior;#NULO!;#NULO!;Nível Superior;Advogado;#NULO!;#NULO!;#NULO!;Advogado;#NULO!;Comissionado;#NULO!;#NULO!;Comissionado;#NULO!;#NULO!;4,00;10,00;#NULO!;#NULO!;#NULO!;2,00;#NULO!;5,00;#NULO!;6,00;3,00;14
27;AL;Nordeste;3120494;102;Feminino;Especialização;Administrador (a);Outro vínculo não permanente;Estagiário(a);De 21 a 30 horas semanais;06/04/2018;27/ago/91;28;16 a 29 anos;Nível Superior;#NULO!;#NULO!;Nível Superior;Outro profissional de nivel superior;#NULO!;#NULO!;#NULO!;#NULO!;#NULO!;Outros vínculos não permanentes;#NULO!;#NULO!;#NULO!;Outros vínculos não permanentes;#NULO!;4,00;10,00;#NULO!;#NULO!;#NULO!;2,00;#NULO!;5,00;#NULO!;6,00;3,00;14
27;AL;Nordeste;3120494;102;Masculino;Especialização;Administrador (a);Outro vínculo não permanente;Estagiário(a);De 21 a 30 horas semanais;02/04/2018;22/jan/90;29;16 a 29 anos;Nível Superior;#NULO!;#NULO!;Nível Superior;Outro profissional de nivel superior;#NULO!;#NULO!;#NULO!;#NULO!;#NULO!;Outros vínculos não permanentes;#NULO!;#NULO!;#NULO!;Outros vínculos não permanentes;#NULO!;4,00;10,00;#NULO!;#NULO!;#NULO!;2,00;#NULO!;5,00;#NULO!;6,00;3,00;14
27;AL;Nordeste;3120494;102;Feminino;Especialização;Outro(a) profissional de nível superior;Comissionado (a);Técnico(a) de nível superior;De 31 a 40 horas semanais;04/08/2016;04/jun/90;29;16 a 29 anos;Nível Superior;#NULO!;#NULO!;Nível Superior;Outro profissional de nivel superior;#NULO!;#NULO!;#NULO!;#NULO!;#NULO!;Comissionado;#NULO!;#NULO!;Comissionado;#NULO!;#NULO!;4,00;10,00;#NULO!;#NULO!;#NULO!;2,00;#NULO!;5,00;#NULO!;6,00;3,00;14
27;AL;Nordeste;3120494;102;Masculino;Especialização;Advogado (a);Comissionado (a);Ordenador(a) de Despesas;De 31 a 40 horas semanais;26/03/2019;17/dez/82;36;30 a 40 anos;Nível Superior;#NULO!;#NULO!;Nível Superior;Advogado;#NULO!;#NULO!;#NULO!;Advogado;#NULO!;Comissionado;#NULO!;#NULO!;Comissionado;#NULO!;#NULO!;4,00;10,00;#NULO!;#NULO!;#NULO!;2,00;#NULO!;5,00;#NULO!;6,00;3,00;14
27;AL;Nordeste;3120494;102;Feminino;Especialização;Outro(a) profissional de nível superior;Comissionado (a);Técnico(a) de nível superior;De 31 a 40 horas semanais;12/04/2017;21/set/81;37;30 a 40 anos;Nível Superior;#NULO!;#NULO!;Nível Superior;Outro profissional de nivel superior;#NULO!;#NULO!;#NULO!;#NULO!;#NULO!;Comissionado;#NULO!;#NULO!;Comissionado;#NULO!;#NULO!;4,00;10,00;#NULO!;#NULO!;#NULO!;2,00;#NULO!;5,00;#NULO!;6,00;3,00;14
27;AL;Nordeste;3120494;102;Masculino;Ensino Superior Completo;Outro(a) profissional de nível superior;Comissionado (a);Técnico(a) de nível superior;De 31 a 40 horas semanais;21/12/2017;24/mai/74;45;41 a 50 anos;Nível Superior;#NULO!;#NULO!;Nível Superior;Outro profissional de nivel superior;#NULO!;#NULO!;#NULO!;#NULO!;#NULO!;Comissionado;#NULO!;#NULO!;Comissionado;#NULO!;#NULO!;4,00;10,00;#NULO!;#NULO!;#NULO!;2,00;#NULO!;5,00;#NULO!;6,00;3,00;14
27;AL;Nordeste;3120494;102;Feminino;Especialização;Outro(a) profissional de nível superior;Servidor/Estatutário (a);Técnico(a) de nível superior;De 31 a 40 horas semanais;15/01/1981;19/out/61;57;51 a 60 anos;Nível Superior;#NULO!;#NULO!;Nível Superior;Outro profissional de nivel superior;#NULO!;#NULO!;#NULO!;#NULO!;#NULO!;Servidor Estatutário;Servidor Estatutário;#NULO!;#NULO!;#NULO!;#NULO!;4,00;10,00;#NULO!;#NULO!;#NULO!;2,00;#NULO!;5,00;#NULO!;6,00;3,00;14
27;AL;Nordeste;3120494;102;Feminino;Ensino Médio Completo;Profissional de nível médio;Servidor/Estatutário (a);Técnico(a) de nível Médio;De 21 a 30 horas semanais;11/03/1986;26/mai/60;59;51 a 60 anos;Nível Médio;#NULO!;Nível Médio;#NULO!;Profissional de nível médio;#NULO!;#NULO!;#NULO!;#NULO!;#NULO!;Servidor Estatutário;Servidor Estatutário;#NULO!;#NULO!;#NULO!;#NULO!;4,00;10,00;#NULO!;#NULO!;#NULO!;2,00;#NULO!;5,00;#NULO!;6,00;3,00;14
27;AL;Nordeste;3120494;102;Masculino;Ensino Superior Incompleto;Profissional de nível médio;Comissionado (a);Técnico(a) de nível Médio;De 31 a 40 horas semanais;18/08/2016;18/abr/58;61;Mais de 60 anos;Nível Médio;#NULO!;Nível Médio;#NULO!;Profissional de nível médio;#NULO!;#NULO!;#NULO!;#NULO!;#NULO!;Comissionado;#NULO!;#NULO!;Comissionado;#NULO!;#NULO!;4,00;10,00;#NULO!;#NULO!;#NULO!;2,00;#NULO!;5,00;#NULO!;6,00;3,00;14
27;AL;Nordeste;3120494;102;Masculino;Ensino Superior Completo;Outro(a) profissional de nível superior;Servidor/Estatutário (a);Técnico(a) de nível superior;De 31 a 40 horas semanais;11/02/1982;19/jun/57;62;Mais de 60 anos;Nível Superior;#NULO!;#NULO!;Nível Superior;Outro profissional de nivel superior;#NULO!;#NULO!;#NULO!;#NULO!;#NULO!;Servidor Estatutário;Servidor Estatutário;#NULO!;#NULO!;#NULO!;#NULO!;4,00;10,00;#NULO!;#NULO!;#NULO!;2,00;#NULO!;5,00;#NULO!;6,00;3,00;14
27;AL;Nordeste;3120494;102;Masculino;Ensino Médio Completo;Profissional de nível médio;Servidor/Estatutário (a);Técnico(a) de nível Médio;De 21 a 30 horas semanais;13/09/1973;24/jun/53;66;Mais de 60 anos;Nível Médio;#NULO!;Nível Médio;#NULO!;Profissional de nível médio;#NULO!;#NULO!;#NULO!;#NULO!;#NULO!;Servidor Estatutário;Servidor Estatutário;#NULO!;#NULO!;#NULO!;#NULO!;4,00;10,00;#NULO!;#NULO!;#NULO!;2,00;#NULO!;5,00;#NULO!;6,00;3,00;14
27;AL;Nordeste;3120494;102;Feminino;Ensino Superior Completo;Profissional de nível médio;Servidor/Estatutário (a);Técnico(a) de nível Médio;De 31 a 40 horas semanais;11/02/1984;07/jan/53;66;Mais de 60 anos;Nível Superior;#NULO!;#NULO!;Nível Superior;Profissional de nível médio;#NULO!;#NULO!;#NULO!;#NULO!;#NULO!;Servidor Estatutário;Servidor Estatutário;#NULO!;#NULO!;#NULO!;#NULO!;4,00;10,00;#NULO!;#NULO!;#NULO!;2,00;#NULO!;5,00;#NULO!;6,00;3,00;14
28;SE;Nordeste;2068017;75;Feminino;Ensino Superior Completo;Contador;Comissionado (a);Técnico(a) de nível superior;De 21 a 30 horas semanais;;09/abr/89;30;30 a 40 anos;Nível Superior;#NULO!;#NULO!;Nível Superior;Outro profissional de nivel superior;#NULO!;#NULO!;#NULO!;#NULO!;#NULO!;Comissionado;#NULO!;#NULO!;Comissionado;#NULO!;#NULO!;3,00;3,00;#NULO!;#NULO!;#NULO!;#NULO!;#NULO!;2,00;#NULO!;4,00;#NULO!;6
28;SE;Nordeste;2068017;75;Feminino;Ensino Superior Incompleto;Sem formação profissional;Comissionado (a);Técnico(a) de nível Médio;De 31 a 40 horas semanais;01/05/2015;20/nov/88;30;30 a 40 anos;Nível Médio;#NULO!;Nível Médio;#NULO!;Outro profissional de nivel superior;#NULO!;#NULO!;#NULO!;#NULO!;#NULO!;Comissionado;#NULO!;#NULO!;Comissionado;#NULO!;#NULO!;3,00;3,00;#NULO!;#NULO!;#NULO!;#NULO!;#NULO!;2,00;#NULO!;4,00;#NULO!;6
28;SE;Nordeste;2068017;75;Feminino;Ensino Superior Completo;Outro(a) profissional de nível superior;Comissionado (a);Coordenador(a);De 21 a 30 horas semanais;01/08/2017;27/mar/80;39;30 a 40 anos;Nível Superior;#NULO!;#NULO!;Nível Superior;Outro profissional de nivel superior;#NULO!;#NULO!;#NULO!;#NULO!;#NULO!;Comissionado;#NULO!;#NULO!;Comissionado;#NULO!;#NULO!;3,00;3,00;#NULO!;#NULO!;#NULO!;#NULO!;#NULO!;2,00;#NULO!;4,00;#NULO!;6
28;SE;Nordeste;2068017;75;Masculino;Ensino Médio Completo;Sem formação profissional;Servidor/Estatutário (a);Técnico(a) de nível Médio;De 31 a 40 horas semanais;01/03/2017;31/dez/63;55;51 a 60 anos;Nível Médio;#NULO!;Nível Médio;#NULO!;Outro profissional de nivel superior;#NULO!;#NULO!;#NULO!;#NULO!;#NULO!;Servidor Estatutário;Servidor Estatutário;#NULO!;#NULO!;#NULO!;#NULO!;3,00;3,00;#NULO!;#NULO!;#NULO!;#NULO!;#NULO!;2,00;#NULO!;4,00;#NULO!;6
28;SE;Nordeste;2068017;75;Feminino;Ensino Médio Completo;Profissional de nível médio;Comissionado (a);Técnico(a) de nível Médio;De 31 a 40 horas semanais;01/06/2018;02/nov/62;56;51 a 60 anos;Nível Médio;#NULO!;Nível Médio;#NULO!;Profissional de nível médio;#NULO!;#NULO!;#NULO!;#NULO!;#NULO!;Comissionado;#NULO!;#NULO!;Comissionado;#NULO!;#NULO!;3,00;3,00;#NULO!;#NULO!;#NULO!;#NULO!;#NULO!;2,00;#NULO!;4,00;#NULO!;6
28;SE;Nordeste;2068017;75;Feminino;Ensino Superior Completo;Médico(a);Servidor/Estatutário (a);Ordenador(a) de Despesas;De 41 a 40 horas semanais;01/01/2019;17/mar/60;59;51 a 60 anos;Nível Superior;#NULO!;#NULO!;Nível Superior;Outro profissional de nivel superior;#NULO!;#NULO!;#NULO!;#NULO!;#NULO!;Servidor Estatutário;Servidor Estatutário;#NULO!;#NULO!;#NULO!;#NULO!;3,00;3,00;#NULO!;#NULO!;#NULO!;#NULO!;#NULO!;2,00;#NULO!;4,00;#NULO!;6
29;BA;Nordeste;14016906;417;Feminino;Ensino Superior Completo;Outro(a) profissional de nível superior;Servidor/Estatutário (a);Técnico(a) de nível superior;De 31 a 40 horas semanais;;21/fev/14;5;#NULO!;Nível Superior;#NULO!;#NULO!;Nível Superior;Outro profissional de nivel superior;#NULO!;#NULO!;#NULO!;#NULO!;#NULO!;Servidor Estatutário;Servidor Estatutário;#NULO!;#NULO!;#NULO!;1,00;5,00;9,00;#NULO!;#NULO!;#NULO!;#NULO!;#NULO!;5,00;#NULO!;9,00;1,00;15
29;BA;Nordeste;14016906;417;Feminino;Ensino Superior Completo;Administrador (a);Comissionado (a);Técnico(a) de nível superior;De 31 a 40 horas semanais;;20/nov/93;25;16 a 29 anos;Nível Superior;#NULO!;#NULO!;Nível Superior;Outro profissional de nivel superior;#NULO!;#NULO!;#NULO!;#NULO!;#NULO!;Comissionado;#NULO!;#NULO!;Comissionado;#NULO!;1,00;5,00;9,00;#NULO!;#NULO!;#NULO!;#NULO!;#NULO!;5,00;#NULO!;9,00;1,00;15
29;BA;Nordeste;14016906;417;Feminino;Ensino Superior Completo;Administrador (a);Comissionado (a);Técnico(a) de nível superior;De 31 a 40 horas semanais;;26/mar/92;27;16 a 29 anos;Nível Superior;#NULO!;#NULO!;Nível Superior;Outro profissional de nivel superior;#NULO!;#NULO!;#NULO!;#NULO!;#NULO!;Comissionado;#NULO!;#NULO!;Comissionado;#NULO!;1,00;5,00;9,00;#NULO!;#NULO!;#NULO!;#NULO!;#NULO!;5,00;#NULO!;9,00;1,00;15
29;BA;Nordeste;14016906;417;Feminino;Ensino Superior Incompleto;Profissional de nível médio;Comissionado (a);Técnico(a) de nível Médio;De 31 a 40 horas semanais;;07/mar/88;31;30 a 40 anos;Nível Médio;#NULO!;Nível Médio;#NULO!;Profissional de nível médio;#NULO!;#NULO!;#NULO!;#NULO!;#NULO!;Comissionado;#NULO!;#NULO!;Comissionado;#NULO!;1,00;5,00;9,00;#NULO!;#NULO!;#NULO!;#NULO!;#NULO!;5,00;#NULO!;9,00;1,00;15
29;BA;Nordeste;14016906;417;Feminino;Ensino Médio Completo;Profissional de nível médio;Comissionado (a);Técnico(a) de nível Médio;De 31 a 40 horas semanais;;19/mai/87;32;30 a 40 anos;Nível Médio;#NULO!;Nível Médio;#NULO!;Profissional de nível médio;#NULO!;#NULO!;#NULO!;#NULO!;#NULO!;Comissionado;#NULO!;#NULO!;Comissionado;#NULO!;1,00;5,00;9,00;#NULO!;#NULO!;#NULO!;#NULO!;#NULO!;5,00;#NULO!;9,00;1,00;15
29;BA;Nordeste;14016906;417;Masculino;Ensino Superior Completo;Outro(a) profissional de nível superior;Comissionado (a);Coordenador(a);De 31 a 40 horas semanais;04/05/2017;07/mar/86;33;30 a 40 anos;Nível Superior;#NULO!;#NULO!;Nível Superior;Outro profissional de nivel superior;#NULO!;#NULO!;#NULO!;#NULO!;#NULO!;Comissionado;#NULO!;#NULO!;Comissionado;#NULO!;1,00;5,00;9,00;#NULO!;#NULO!;#NULO!;#NULO!;#NULO!;5,00;#NULO!;9,00;1,00;15
29;BA;Nordeste;14016906;417;Masculino;Ensino Médio Completo;Profissional de nível médio;Comissionado (a);Técnico(a) de nível Médio;De 31 a 40 horas semanais;;22/jan/85;34;30 a 40 anos;Nível Médio;#NULO!;Nível Médio;#NULO!;Profissional de nível médio;#NULO!;#NULO!;#NULO!;#NULO!;#NULO!;Comissionado;#NULO!;#NULO!;Comissionado;#NULO!;1,00;5,00;9,00;#NULO!;#NULO!;#NULO!;#NULO!;#NULO!;5,00;#NULO!;9,00;1,00;15
29;BA;Nordeste;14016906;417;Feminino;Ensino Superior Completo;Outro(a) profissional de nível superior;Comissionado (a);Técnico(a) de nível superior;De 31 a 40 horas semanais;;23/abr/79;40;30 a 40 anos;Nível Superior;#NULO!;#NULO!;Nível Superior;Outro profissional de nivel superior;#NULO!;#NULO!;#NULO!;#NULO!;#NULO!;Comissionado;#NULO!;#NULO!;Comissionado;#NULO!;1,00;5,00;9,00;#NULO!;#NULO!;#NULO!;#NULO!;#NULO!;5,00;#NULO!;9,00;1,00;15
29;BA;Nordeste;14016906;417;Masculino;Ensino Superior Completo;Economista;Servidor (a) Temporário (a);Técnico(a) de nível superior;De 31 a 40 horas semanais;;01/nov/75;43;41 a 50 anos;Nível Superior;#NULO!;#NULO!;Nível Superior;Outro profissional de nivel superior;#NULO!;#NULO!;#NULO!;#NULO!;#NULO!;Outros vínculos não permanentes;#NULO!;#NULO!;#NULO!;Outros vínculos não permanentes;1,00;5,00;9,00;#NULO!;#NULO!;#NULO!;#NULO!;#NULO!;5,00;#NULO!;9,00;1,00;15
29;BA;Nordeste;14016906;417;Feminino;Ensino Superior Completo;Outro(a) profissional de nível superior;Servidor/Estatutário (a);Coordenador(a);De 31 a 40 horas semanais;;19/mar/67;52;51 a 60 anos;Nível Superior;#NULO!;#NULO!;Nível Superior;Outro profissional de nivel superior;#NULO!;#NULO!;#NULO!;#NULO!;#NULO!;Servidor Estatutário;Servidor Estatutário;#NULO!;#NULO!;#NULO!;1,00;5,00;9,00;#NULO!;#NULO!;#NULO!;#NULO!;#NULO!;5,00;#NULO!;9,00;1,00;15
29;BA;Nordeste;14016906;417;Feminino;Ensino Superior Completo;Outro(a) profissional de nível superior;Comissionado (a);Técnico(a) de nível superior;De 31 a 40 horas semanais;;01/dez/66;52;51 a 60 anos;Nível Superior;#NULO!;#NULO!;Nível Superior;Outro profissional de nivel superior;#NULO!;#NULO!;#NULO!;#NULO!;#NULO!;Comissionado;#NULO!;#NULO!;Comissionado;#NULO!;1,00;5,00;9,00;#NULO!;#NULO!;#NULO!;#NULO!;#NULO!;5,00;#NULO!;9,00;1,00;15
29;BA;Nordeste;14016906;417;Masculino;Ensino Fundamental Completo;Sem formação profissional;Servidor/Estatutário (a);Apoio Administrativo;De 31 a 40 horas semanais;;04/nov/58;60;51 a 60 anos;Nível fundamental;Nível fundamental;#NULO!;#NULO!;Outro profissional de nivel superior;#NULO!;#NULO!;#NULO!;#NULO!;#NULO!;Servidor Estatutário;Servidor Estatutário;#NULO!;#NULO!;#NULO!;1,00;5,00;9,00;#NULO!;#NULO!;#NULO!;#NULO!;#NULO!;5,00;#NULO!;9,00;1,00;15
29;BA;Nordeste;14016906;417;Feminino;Ensino Médio Completo;Profissional de nível médio;Comissionado (a);Técnico(a) de nível Médio;De 31 a 40 horas semanais;;13/jun/59;60;51 a 60 anos;Nível Médio;#NULO!;Nível Médio;#NULO!;Profissional de nível médio;#NULO!;#NULO!;#NULO!;#NULO!;#NULO!;Comissionado;#NULO!;#NULO!;Comissionado;#NULO!;1,00;5,00;9,00;#NULO!;#NULO!;#NULO!;#NULO!;#NULO!;5,00;#NULO!;9,00;1,00;15
29;BA;Nordeste;14016906;417;Masculino;Ensino Médio Completo;Profissional de nível médio;Servidor/Estatutário (a);Técnico(a) de nível Médio;De 31 a 40 horas semanais;;04/jan/58;61;Mais de 60 anos;Nível Médio;#NULO!;Nível Médio;#NULO!;Profissional de nível médio;#NULO!;#NULO!;#NULO!;#NULO!;#NULO!;Servidor Estatutário;Servidor Estatutário;#NULO!;#NULO!;#NULO!;1,00;5,00;9,00;#NULO!;#NULO!;#NULO!;#NULO!;#NULO!;5,00;#NULO!;9,00;1,00;15
29;BA;Nordeste;14016906;417;Feminino;Ensino Superior Completo;Outro(a) profissional de nível superior;Servidor/Estatutário (a);Técnico(a) de nível superior;De 31 a 40 horas semanais;;25/out/54;64;Mais de 60 anos;Nível Superior;#NULO!;#NULO!;Nível Superior;Outro profissional de nivel superior;#NULO!;#NULO!;#NULO!;#NULO!;#NULO!;Servidor Estatutário;Servidor Estatutário;#NULO!;#NULO!;#NULO!;1,00;5,00;9,00;#NULO!;#NULO!;#NULO!;#NULO!;#NULO!;5,00;#NULO!;9,00;1,00;15
31;MG;Sudeste;19597330;853;Masculino;Ensino Superior Completo;Administrador (a);Servidor/Estatutário (a);Técnico(a) de nível superior;De 31 a 40 horas semanais;;12/jan/88;31;30 a 40 anos;Nível Superior;#NULO!;#NULO!;Nível Superior;Outro profissional de nivel superior;#NULO!;#NULO!;#NULO!;#NULO!;#NULO!;Servidor Estatutário;Servidor Estatutário;#NULO!;#NULO!;#NULO!;1,00;6,00;6,00;#NULO!;#NULO!;#NULO!;#NULO!;#NULO!;8,00;#NULO!;2,00;3,00;13
31;MG;Sudeste;19597330;853;Feminino;Especialização;Outro(a) profissional de nível superior;Comissionado (a);Ordenador(a) de Despesas;De 31 a 40 horas semanais;01/01/2019;14/nov/84;34;30 a 40 anos;Nível Superior;#NULO!;#NULO!;Nível Superior;Outro profissional de nivel superior;#NULO!;#NULO!;#NULO!;#NULO!;#NULO!;Comissionado;#NULO!;#NULO!;Comissionado;#NULO!;1,00;6,00;6,00;#NULO!;#NULO!;#NULO!;#NULO!;#NULO!;8,00;#NULO!;2,00;3,00;13
31;MG;Sudeste;19597330;853;Feminino;Ensino Superior Incompleto;Administrador (a);Outro vínculo não permanente;Apoio Administrativo;De 31 a 40 horas semanais;;23/ago/84;35;30 a 40 anos;Nível Médio;#NULO!;Nível Médio;#NULO!;Outro profissional de nivel superior;#NULO!;#NULO!;#NULO!;#NULO!;#NULO!;Outros vínculos não permanentes;#NULO!;#NULO!;#NULO!;Outros vínculos não permanentes;1,00;6,00;6,00;#NULO!;#NULO!;#NULO!;#NULO!;#NULO!;8,00;#NULO!;2,00;3,00;13
31;MG;Sudeste;19597330;853;Feminino;Mestrado;Economista;Comissionado (a);Coordenador(a);De 31 a 40 horas semanais;;17/nov/77;41;41 a 50 anos;Nível Superior;#NULO!;#NULO!;Nível Superior;Outro profissional de nivel superior;#NULO!;#NULO!;#NULO!;#NULO!;#NULO!;Comissionado;#NULO!;#NULO!;Comissionado;#NULO!;1,00;6,00;6,00;#NULO!;#NULO!;#NULO!;#NULO!;#NULO!;8,00;#NULO!;2,00;3,00;13
31;MG;Sudeste;19597330;853;Masculino;Ensino Superior Completo;Outro(a) profissional de nível superior;Servidor/Estatutário (a);Técnico(a) de nível superior;De 31 a 40 horas semanais;;27/mar/74;45;41 a 50 anos;Nível Superior;#NULO!;#NULO!;Nível Superior;Outro profissional de nivel superior;#NULO!;#NULO!;#NULO!;#NULO!;#NULO!;Servidor Estatutário;Servidor Estatutário;#NULO!;#NULO!;#NULO!;1,00;6,00;6,00;#NULO!;#NULO!;#NULO!;#NULO!;#NULO!;8,00;#NULO!;2,00;3,00;13
31;MG;Sudeste;19597330;853;Feminino;Ensino Superior Completo;Economista;Servidor/Estatutário (a);Coordenador(a);De 31 a 40 horas semanais;;25/mar/68;51;51 a 60 anos;Nível Superior;#NULO!;#NULO!;Nível Superior;Outro profissional de nivel superior;#NULO!;#NULO!;#NULO!;#NULO!;#NULO!;Servidor Estatutário;Servidor Estatutário;#NULO!;#NULO!;#NULO!;1,00;6,00;6,00;#NULO!;#NULO!;#NULO!;#NULO!;#NULO!;8,00;#NULO!;2,00;3,00;13
31;MG;Sudeste;19597330;853;Feminino;Ensino Médio Completo;Profissional de nível médio;Servidor/Estatutário (a);Apoio Administrativo;De 21 a 30 horas semanais;;06/nov/66;52;51 a 60 anos;Nível Médio;#NULO!;Nível Médio;#NULO!;Profissional de nível médio;#NULO!;#NULO!;#NULO!;#NULO!;#NULO!;Servidor Estatutário;Servidor Estatutário;#NULO!;#NULO!;#NULO!;1,00;6,00;6,00;#NULO!;#NULO!;#NULO!;#NULO!;#NULO!;8,00;#NULO!;2,00;3,00;13
31;MG;Sudeste;19597330;853;Feminino;Ensino Médio Completo;Profissional de nível médio;Servidor/Estatutário (a);Técnico(a) de nível Médio;De 21 a 30 horas semanais;;14/ago/66;53;51 a 60 anos;Nível Médio;#NULO!;Nível Médio;#NULO!;Profissional de nível médio;#NULO!;#NULO!;#NULO!;#NULO!;#NULO!;Servidor Estatutário;Servidor Estatutário;#NULO!;#NULO!;#NULO!;1,00;6,00;6,00;#NULO!;#NULO!;#NULO!;#NULO!;#NULO!;8,00;#NULO!;2,00;3,00;13
31;MG;Sudeste;19597330;853;Feminino;Ensino Superior Incompleto;Profissional de nível médio;Outro vínculo não permanente;Apoio Administrativo;De 21 a 30 horas semanais;;29/nov/63;55;51 a 60 anos;Nível Médio;#NULO!;Nível Médio;#NULO!;Profissional de nível médio;#NULO!;#NULO!;#NULO!;#NULO!;#NULO!;Outros vínculos não permanentes;#NULO!;#NULO!;#NULO!;Outros vínculos não permanentes;1,00;6,00;6,00;#NULO!;#NULO!;#NULO!;#NULO!;#NULO!;8,00;#NULO!;2,00;3,00;13
31;MG;Sudeste;19597330;853;Feminino;Ensino Médio Completo;Profissional de nível médio;Outro vínculo não permanente;Apoio Administrativo;De 31 a 40 horas semanais;;05/set/62;56;51 a 60 anos;Nível Médio;#NULO!;Nível Médio;#NULO!;Profissional de nível médio;#NULO!;#NULO!;#NULO!;#NULO!;#NULO!;Outros vínculos não permanentes;#NULO!;#NULO!;#NULO!;Outros vínculos não permanentes;1,00;6,00;6,00;#NULO!;#NULO!;#NULO!;#NULO!;#NULO!;8,00;#NULO!;2,00;3,00;13
31;MG;Sudeste;19597330;853;Feminino;Ensino Superior Completo;Outro(a) profissional de nível superior;Servidor/Estatutário (a);Técnico(a) de nível superior;De 21 a 30 horas semanais;;25/dez/61;57;51 a 60 anos;Nível Superior;#NULO!;#NULO!;Nível Superior;Outro profissional de nivel superior;#NULO!;#NULO!;#NULO!;#NULO!;#NULO!;Servidor Estatutário;Servidor Estatutário;#NULO!;#NULO!;#NULO!;1,00;6,00;6,00;#NULO!;#NULO!;#NULO!;#NULO!;#NULO!;8,00;#NULO!;2,00;3,00;13
31;MG;Sudeste;19597330;853;Feminino;Ensino Médio Incompleto;Profissional de nível médio;Servidor/Estatutário (a);Técnico(a) de nível Médio;De 21 a 30 horas semanais;;09/jan/62;57;51 a 60 anos;Nível fundamental;Nível fundamental;#NULO!;#NULO!;Profissional de nível médio;#NULO!;#NULO!;#NULO!;#NULO!;#NULO!;Servidor Estatutário;Servidor Estatutário;#NULO!;#NULO!;#NULO!;1,00;6,00;6,00;#NULO!;#NULO!;#NULO!;#NULO!;#NULO!;8,00;#NULO!;2,00;3,00;13
31;MG;Sudeste;19597330;853;Masculino;Ensino Superior Incompleto;Outro(a) profissional de nível superior;Servidor/Estatutário (a);Coordenador(a);De 31 a 40 horas semanais;;23/jan/56;63;Mais de 60 anos;Nível Médio;#NULO!;Nível Médio;#NULO!;Outro profissional de nivel superior;#NULO!;#NULO!;#NULO!;#NULO!;#NULO!;Servidor Estatutário;Servidor Estatutário;#NULO!;#NULO!;#NULO!;1,00;6,00;6,00;#NULO!;#NULO!;#NULO!;#NULO!;#NULO!;8,00;#NULO!;2,00;3,00;13
32;ES;Sudeste;3514952;78;Masculino;Ensino Superior Incompleto;Profissional de nível médio;Comissionado (a);Técnico(a) de nível Médio;De 31 a 40 horas semanais;;22/set/90;28;16 a 29 anos;Nível Médio;#NULO!;Nível Médio;#NULO!;Profissional de nível médio;#NULO!;#NULO!;#NULO!;#NULO!;#NULO!;Comissionado;#NULO!;#NULO!;Comissionado;#NULO!;#NULO!;3,00;7,00;#NULO!;2,00;#NULO!;#NULO!;#NULO!;3,00;#NULO!;7,00;#NULO!;10
32;ES;Sudeste;3514952;78;Feminino;Ensino Médio Completo;Profissional de nível médio;Comissionado (a);Outros;De 31 a 40 horas semanais;;04/set/85;33;30 a 40 anos;Nível Médio;#NULO!;Nível Médio;#NULO!;Profissional de nível médio;#NULO!;#NULO!;#NULO!;#NULO!;#NULO!;Comissionado;#NULO!;#NULO!;Comissionado;#NULO!;#NULO!;3,00;7,00;#NULO!;2,00;#NULO!;#NULO!;#NULO!;3,00;#NULO!;7,00;#NULO!;10
32;ES;Sudeste;3514952;78;Feminino;Ensino Superior Completo;Assistente Social;Comissionado (a);Técnico(a) de nível superior;De 31 a 40 horas semanais;;19/jul/85;34;30 a 40 anos;Nível Superior;#NULO!;#NULO!;Nível Superior;Assistente Social;#NULO!;Assistente Social;#NULO!;#NULO!;#NULO!;Comissionado;#NULO!;#NULO!;Comissionado;#NULO!;#NULO!;3,00;7,00;#NULO!;2,00;#NULO!;#NULO!;#NULO!;3,00;#NULO!;7,00;#NULO!;10
32;ES;Sudeste;3514952;78;Feminino;Especialização;Contador;Servidor/Estatutário (a);Técnico(a) de nível superior;De 31 a 40 horas semanais;;21/mar/83;36;30 a 40 anos;Nível Superior;#NULO!;#NULO!;Nível Superior;Outro profissional de nivel superior;#NULO!;#NULO!;#NULO!;#NULO!;#NULO!;Servidor Estatutário;Servidor Estatutário;#NULO!;#NULO!;#NULO!;#NULO!;3,00;7,00;#NULO!;2,00;#NULO!;#NULO!;#NULO!;3,00;#NULO!;7,00;#NULO!;10
32;ES;Sudeste;3514952;78;Feminino;Ensino Superior Completo;Economista;Servidor/Estatutário (a);Técnico(a) de nível superior;De 31 a 40 horas semanais;;16/mai/79;40;30 a 40 anos;Nível Superior;#NULO!;#NULO!;Nível Superior;Outro profissional de nivel superior;#NULO!;#NULO!;#NULO!;#NULO!;#NULO!;Servidor Estatutário;Servidor Estatutário;#NULO!;#NULO!;#NULO!;#NULO!;3,00;7,00;#NULO!;2,00;#NULO!;#NULO!;#NULO!;3,00;#NULO!;7,00;#NULO!;10
32;ES;Sudeste;3514952;78;Feminino;Especialização;Assistente Social;Servidor/Estatutário (a);Técnico(a) de nível superior;De 31 a 40 horas semanais;;07/abr/79;40;30 a 40 anos;Nível Superior;#NULO!;#NULO!;Nível Superior;Assistente Social;#NULO!;Assistente Social;#NULO!;#NULO!;#NULO!;Servidor Estatutário;Servidor Estatutário;#NULO!;#NULO!;#NULO!;#NULO!;3,00;7,00;#NULO!;2,00;#NULO!;#NULO!;#NULO!;3,00;#NULO!;7,00;#NULO!;10
32;ES;Sudeste;3514952;78;Feminino;Ensino Superior Completo;Outro(a) profissional de nível superior;Comissionado (a);Técnico(a) de nível superior;De 31 a 40 horas semanais;;28/jul/72;47;41 a 50 anos;Nível Superior;#NULO!;#NULO!;Nível Superior;Outro profissional de nivel superior;#NULO!;#NULO!;#NULO!;#NULO!;#NULO!;Comissionado;#NULO!;#NULO!;Comissionado;#NULO!;#NULO!;3,00;7,00;#NULO!;2,00;#NULO!;#NULO!;#NULO!;3,00;#NULO!;7,00;#NULO!;10
32;ES;Sudeste;3514952;78;Feminino;Ensino Médio Completo;Profissional de nível médio;Comissionado (a);Técnico(a) de nível Médio;De 31 a 40 horas semanais;;18/abr/72;47;41 a 50 anos;Nível Médio;#NULO!;Nível Médio;#NULO!;Profissional de nível médio;#NULO!;#NULO!;#NULO!;#NULO!;#NULO!;Comissionado;#NULO!;#NULO!;Comissionado;#NULO!;#NULO!;3,00;7,00;#NULO!;2,00;#NULO!;#NULO!;#NULO!;3,00;#NULO!;7,00;#NULO!;10
32;ES;Sudeste;3514952;78;Feminino;Ensino Superior Completo;Contador;Comissionado (a);Outros;De 31 a 40 horas semanais;;15/ago/58;61;Mais de 60 anos;Nível Superior;#NULO!;#NULO!;Nível Superior;Outro profissional de nivel superior;#NULO!;#NULO!;#NULO!;#NULO!;#NULO!;Comissionado;#NULO!;#NULO!;Comissionado;#NULO!;#NULO!;3,00;7,00;#NULO!;2,00;#NULO!;#NULO!;#NULO!;3,00;#NULO!;7,00;#NULO!;10
32;ES;Sudeste;3514952;78;Feminino;Ensino Superior Completo;Profissional de nível médio;Comissionado (a);Técnico(a) de nível Médio;De 31 a 40 horas semanais;;04/abr/55;64;Mais de 60 anos;Nível Superior;#NULO!;#NULO!;Nível Superior;Profissional de nível médio;#NULO!;#NULO!;#NULO!;#NULO!;#NULO!;Comissionado;#NULO!;#NULO!;Comissionado;#NULO!;#NULO!;3,00;7,00;#NULO!;2,00;#NULO!;#NULO!;#NULO!;3,00;#NULO!;7,00;#NULO!;10
33;RJ;Sudeste;15989929;92;Feminino;Especialização;Outro(a) profissional de nível superior;Comissionado (a);Técnico(a) de nível superior;De 41 a 40 horas semanais;;14/dez/77;41;41 a 50 anos;Nível Superior;#NULO!;#NULO!;Nível Superior;Outro profissional de nivel superior;#NULO!;#NULO!;#NULO!;#NULO!;#NULO!;Comissionado;#NULO!;#NULO!;Comissionado;#NULO!;1,00;#NULO!;4,00;1,00;#NULO!;#NULO!;#NULO!;#NULO!;#NULO!;#NULO!;3,00;2,00;5
33;RJ;Sudeste;15989929;92;Masculino;Ensino Fundamental Completo;Sem formação profissional;Outro vínculo não permanente;Apoio Administrativo;De 41 a 40 horas semanais;;06/ago/73;46;41 a 50 anos;Nível fundamental;Nível fundamental;#NULO!;#NULO!;Outro profissional de nivel superior;#NULO!;#NULO!;#NULO!;#NULO!;#NULO!;Outros vínculos não permanentes;#NULO!;#NULO!;#NULO!;Outros vínculos não permanentes;1,00;#NULO!;4,00;1,00;#NULO!;#NULO!;#NULO!;#NULO!;#NULO!;#NULO!;3,00;2,00;5
33;RJ;Sudeste;15989929;92;Feminino;Especialização;Administrador (a);Comissionado (a);Técnico(a) de nível superior;De 41 a 40 horas semanais;;27/out/70;48;41 a 50 anos;Nível Superior;#NULO!;#NULO!;Nível Superior;Outro profissional de nivel superior;#NULO!;#NULO!;#NULO!;#NULO!;#NULO!;Comissionado;#NULO!;#NULO!;Comissionado;#NULO!;1,00;#NULO!;4,00;1,00;#NULO!;#NULO!;#NULO!;#NULO!;#NULO!;#NULO!;3,00;2,00;5
33;RJ;Sudeste;15989929;92;Feminino;Ensino Superior Completo;Pedagogo (a);Comissionado (a);Técnico(a) de nível superior;De 41 a 40 horas semanais;;22/fev/61;58;51 a 60 anos;Nível Superior;#NULO!;#NULO!;Nível Superior;Pedagogo;Pedagogo;#NULO!;#NULO!;#NULO!;#NULO!;Comissionado;#NULO!;#NULO!;Comissionado;#NULO!;1,00;#NULO!;4,00;1,00;#NULO!;#NULO!;#NULO!;#NULO!;#NULO!;#NULO!;3,00;2,00;5
33;RJ;Sudeste;15989929;92;Feminino;Ensino Superior Completo;Outro(a) profissional de nível superior;Outro vínculo não permanente;Outros;De 41 a 40 horas semanais;;20/fev/59;60;51 a 60 anos;Nível Superior;#NULO!;#NULO!;Nível Superior;Outro profissional de nivel superior;#NULO!;#NULO!;#NULO!;#NULO!;#NULO!;Outros vínculos não permanentes;#NULO!;#NULO!;#NULO!;Outros vínculos não permanentes;1,00;#NULO!;4,00;1,00;#NULO!;#NULO!;#NULO!;#NULO!;#NULO!;#NULO!;3,00;2,00;5
35;SP;Sudeste;41262199;645;Masculino;Ensino Superior Completo;Outro(a) profissional de nível superior;Comissionado (a);Outros;De 31 a 40 horas semanais;;30/jun/81;38;30 a 40 anos;Nível Superior;#NULO!;#NULO!;Nível Superior;Outro profissional de nivel superior;#NULO!;#NULO!;#NULO!;#NULO!;#NULO!;Comissionado;#NULO!;#NULO!;Comissionado;#NULO!;#NULO!;#NULO!;12,00;#NULO!;#NULO!;#NULO!;#NULO!;#NULO!;5,00;#NULO!;7,00;#NULO!;12
35;SP;Sudeste;41262199;645;Masculino;Ensino Superior Completo;Outro(a) profissional de nível superior;Servidor/Estatutário (a);Outros;De 31 a 40 horas semanais;;30/mai/72;47;41 a 50 anos;Nível Superior;#NULO!;#NULO!;Nível Superior;Outro profissional de nivel superior;#NULO!;#NULO!;#NULO!;#NULO!;#NULO!;Servidor Estatutário;Servidor Estatutário;#NULO!;#NULO!;#NULO!;#NULO!;#NULO!;12,00;#NULO!;#NULO!;#NULO!;#NULO!;#NULO!;5,00;#NULO!;7,00;#NULO!;12
35;SP;Sudeste;41262199;645;Feminino;Ensino Superior Completo;Outro(a) profissional de nível superior;Comissionado (a);Técnico(a) de nível superior;De 31 a 40 horas semanais;;01/dez/70;48;41 a 50 anos;Nível Superior;#NULO!;#NULO!;Nível Superior;Outro profissional de nivel superior;#NULO!;#NULO!;#NULO!;#NULO!;#NULO!;Comissionado;#NULO!;#NULO!;Comissionado;#NULO!;#NULO!;#NULO!;12,00;#NULO!;#NULO!;#NULO!;#NULO!;#NULO!;5,00;#NULO!;7,00;#NULO!;12
35;SP;Sudeste;41262199;645;Feminino;Ensino Superior Completo;Outro(a) profissional de nível superior;Servidor/Estatutário (a);Técnico(a) de nível superior;De 21 a 30 horas semanais;;17/jun/66;53;51 a 60 anos;Nível Superior;#NULO!;#NULO!;Nível Superior;Outro profissional de nivel superior;#NULO!;#NULO!;#NULO!;#NULO!;#NULO!;Servidor Estatutário;Servidor Estatutário;#NULO!;#NULO!;#NULO!;#NULO!;#NULO!;12,00;#NULO!;#NULO!;#NULO!;#NULO!;#NULO!;5,00;#NULO!;7,00;#NULO!;12
35;SP;Sudeste;41262199;645;Masculino;Ensino Superior Completo;Outro(a) profissional de nível superior;Servidor/Estatutário (a);Coordenador(a);De 31 a 40 horas semanais;15/03/2016;07/nov/63;55;51 a 60 anos;Nível Superior;#NULO!;#NULO!;Nível Superior;Outro profissional de nivel superior;#NULO!;#NULO!;#NULO!;#NULO!;#NULO!;Servidor Estatutário;Servidor Estatutário;#NULO!;#NULO!;#NULO!;#NULO!;#NULO!;12,00;#NULO!;#NULO!;#NULO!;#NULO!;#NULO!;5,00;#NULO!;7,00;#NULO!;12
35;SP;Sudeste;41262199;645;Feminino;Ensino Superior Completo;Economista;Comissionado (a);Técnico(a) de nível superior;De 31 a 40 horas semanais;;13/abr/63;56;51 a 60 anos;Nível Superior;#NULO!;#NULO!;Nível Superior;Outro profissional de nivel superior;#NULO!;#NULO!;#NULO!;#NULO!;#NULO!;Comissionado;#NULO!;#NULO!;Comissionado;#NULO!;#NULO!;#NULO!;12,00;#NULO!;#NULO!;#NULO!;#NULO!;#NULO!;5,00;#NULO!;7,00;#NULO!;12
35;SP;Sudeste;41262199;645;Feminino;Ensino Superior Completo;Outro(a) profissional de nível superior;Servidor/Estatutário (a);Outros;De 31 a 40 horas semanais;;25/ago/61;58;51 a 60 anos;Nível Superior;#NULO!;#NULO!;Nível Superior;Outro profissional de nivel superior;#NULO!;#NULO!;#NULO!;#NULO!;#NULO!;Servidor Estatutário;Servidor Estatutário;#NULO!;#NULO!;#NULO!;#NULO!;#NULO!;12,00;#NULO!;#NULO!;#NULO!;#NULO!;#NULO!;5,00;#NULO!;7,00;#NULO!;12
35;SP;Sudeste;41262199;645;Feminino;Ensino Superior Completo;Outro(a) profissional de nível superior;Comissionado (a);Técnico(a) de nível superior;De 31 a 40 horas semanais;;01/out/58;60;51 a 60 anos;Nível Superior;#NULO!;#NULO!;Nível Superior;Outro profissional de nivel superior;#NULO!;#NULO!;#NULO!;#NULO!;#NULO!;Comissionado;#NULO!;#NULO!;Comissionado;#NULO!;#NULO!;#NULO!;12,00;#NULO!;#NULO!;#NULO!;#NULO!;#NULO!;5,00;#NULO!;7,00;#NULO!;12
35;SP;Sudeste;41262199;645;Feminino;Ensino Superior Completo;Outro(a) profissional de nível superior;Comissionado (a);Técnico(a) de nível superior;De 31 a 40 horas semanais;;23/nov/55;63;Mais de 60 anos;Nível Superior;#NULO!;#NULO!;Nível Superior;Outro profissional de nivel superior;#NULO!;#NULO!;#NULO!;#NULO!;#NULO!;Comissionado;#NULO!;#NULO!;Comissionado;#NULO!;#NULO!;#NULO!;12,00;#NULO!;#NULO!;#NULO!;#NULO!;#NULO!;5,00;#NULO!;7,00;#NULO!;12
35;SP;Sudeste;41262199;645;Masculino;Ensino Superior Completo;Administrador (a);Servidor/Estatutário (a);Técnico(a) de nível superior;De 31 a 40 horas semanais;;23/set/52;66;Mais de 60 anos;Nível Superior;#NULO!;#NULO!;Nível Superior;Outro profissional de nivel superior;#NULO!;#NULO!;#NULO!;#NULO!;#NULO!;Servidor Estatutário;Servidor Estatutário;#NULO!;#NULO!;#NULO!;#NULO!;#NULO!;12,00;#NULO!;#NULO!;#NULO!;#NULO!;#NULO!;5,00;#NULO!;7,00;#NULO!;12
35;SP;Sudeste;41262199;645;Feminino;Ensino Superior Completo;Outro(a) profissional de nível superior;Comissionado (a);Outros;De 31 a 40 horas semanais;;03/out/50;68;Mais de 60 anos;Nível Superior;#NULO!;#NULO!;Nível Superior;Outro profissional de nivel superior;#NULO!;#NULO!;#NULO!;#NULO!;#NULO!;Comissionado;#NULO!;#NULO!;Comissionado;#NULO!;#NULO!;#NULO!;12,00;#NULO!;#NULO!;#NULO!;#NULO!;#NULO!;5,00;#NULO!;7,00;#NULO!;12
35;SP;Sudeste;41262199;645;Masculino;Ensino Superior Completo;Economista;Comissionado (a);Outros;De 31 a 40 horas semanais;;16/mar/49;70;Mais de 60 anos;Nível Superior;#NULO!;#NULO!;Nível Superior;Outro profissional de nivel superior;#NULO!;#NULO!;#NULO!;#NULO!;#NULO!;Comissionado;#NULO!;#NULO!;Comissionado;#NULO!;#NULO!;#NULO!;12,00;#NULO!;#NULO!;#NULO!;#NULO!;#NULO!;5,00;#NULO!;7,00;#NULO!;12
41;PR;Sul;10444526;399;Feminino;Ensino Superior Incompleto;Outro(a) profissional de nível superior;Comissionado (a);Apoio Administrativo;De 31 a 40 horas semanais;;11/jun/98;21;16 a 29 anos;Nível Médio;#NULO!;Nível Médio;#NULO!;Outro profissional de nivel superior;#NULO!;#NULO!;#NULO!;#NULO!;#NULO!;Comissionado;#NULO!;#NULO!;Comissionado;#NULO!;#NULO!;14,00;23,00;#NULO!;1,00;#NULO!;4,00;1,00;9,00;#NULO!;26,00;2,00;37
41;PR;Sul;10444526;399;Feminino;Ensino Médio Completo;Profissional de nível médio;Outro vínculo não permanente;Estagiário(a);De 21 a 30 horas semanais;;24/fev/97;22;16 a 29 anos;Nível Médio;#NULO!;Nível Médio;#NULO!;Profissional de nível médio;#NULO!;#NULO!;#NULO!;#NULO!;#NULO!;Outros vínculos não permanentes;#NULO!;#NULO!;#NULO!;Outros vínculos não permanentes;#NULO!;14,00;23,00;#NULO!;1,00;#NULO!;4,00;1,00;9,00;#NULO!;26,00;2,00;37
41;PR;Sul;10444526;399;Masculino;Ensino Superior Incompleto;Outro(a) profissional de nível superior;Comissionado (a);Apoio Administrativo;De 31 a 40 horas semanais;;25/out/95;23;16 a 29 anos;Nível Médio;#NULO!;Nível Médio;#NULO!;Outro profissional de nivel superior;#NULO!;#NULO!;#NULO!;#NULO!;#NULO!;Comissionado;#NULO!;#NULO!;Comissionado;#NULO!;#NULO!;14,00;23,00;#NULO!;1,00;#NULO!;4,00;1,00;9,00;#NULO!;26,00;2,00;37
41;PR;Sul;10444526;399;Feminino;Ensino Superior Incompleto;Sem formação profissional;Comissionado (a);Apoio Administrativo;De 31 a 40 horas semanais;;08/nov/95;23;16 a 29 anos;Nível Médio;#NULO!;Nível Médio;#NULO!;Outro profissional de nivel superior;#NULO!;#NULO!;#NULO!;#NULO!;#NULO!;Comissionado;#NULO!;#NULO!;Comissionado;#NULO!;#NULO!;14,00;23,00;#NULO!;1,00;#NULO!;4,00;1,00;9,00;#NULO!;26,00;2,00;37
41;PR;Sul;10444526;399;Masculino;Ensino Superior Completo;Outro(a) profissional de nível superior;Comissionado (a);Técnico(a) de nível superior;De 31 a 40 horas semanais;;30/mar/95;24;16 a 29 anos;Nível Superior;#NULO!;#NULO!;Nível Superior;Outro profissional de nivel superior;#NULO!;#NULO!;#NULO!;#NULO!;#NULO!;Comissionado;#NULO!;#NULO!;Comissionado;#NULO!;#NULO!;14,00;23,00;#NULO!;1,00;#NULO!;4,00;1,00;9,00;#NULO!;26,00;2,00;37
41;PR;Sul;10444526;399;Masculino;Ensino Superior Incompleto;Profissional de nível médio;Comissionado (a);Técnico(a) de nível Médio;De 31 a 40 horas semanais;;22/mar/93;26;16 a 29 anos;Nível Médio;#NULO!;Nível Médio;#NULO!;Profissional de nível médio;#NULO!;#NULO!;#NULO!;#NULO!;#NULO!;Comissionado;#NULO!;#NULO!;Comissionado;#NULO!;#NULO!;14,00;23,00;#NULO!;1,00;#NULO!;4,00;1,00;9,00;#NULO!;26,00;2,00;37
41;PR;Sul;10444526;399;Masculino;Ensino Superior Completo;Outro(a) profissional de nível superior;Comissionado (a);Apoio Administrativo;De 31 a 40 horas semanais;;04/jun/93;26;16 a 29 anos;Nível Superior;#NULO!;#NULO!;Nível Superior;Outro profissional de nivel superior;#NULO!;#NULO!;#NULO!;#NULO!;#NULO!;Comissionado;#NULO!;#NULO!;Comissionado;#NULO!;#NULO!;14,00;23,00;#NULO!;1,00;#NULO!;4,00;1,00;9,00;#NULO!;26,00;2,00;37
41;PR;Sul;10444526;399;Feminino;Ensino Superior Incompleto;Profissional de nível médio;Comissionado (a);Técnico(a) de nível Médio;De 31 a 40 horas semanais;;19/mai/93;26;16 a 29 anos;Nível Médio;#NULO!;Nível Médio;#NULO!;Profissional de nível médio;#NULO!;#NULO!;#NULO!;#NULO!;#NULO!;Comissionado;#NULO!;#NULO!;Comissionado;#NULO!;#NULO!;14,00;23,00;#NULO!;1,00;#NULO!;4,00;1,00;9,00;#NULO!;26,00;2,00;37
41;PR;Sul;10444526;399;Masculino;Ensino Médio Completo;Sem formação profissional;Comissionado (a);Outros;De 31 a 40 horas semanais;;07/mai/92;27;16 a 29 anos;Nível Médio;#NULO!;Nível Médio;#NULO!;Outro profissional de nivel superior;#NULO!;#NULO!;#NULO!;#NULO!;#NULO!;Comissionado;#NULO!;#NULO!;Comissionado;#NULO!;#NULO!;14,00;23,00;#NULO!;1,00;#NULO!;4,00;1,00;9,00;#NULO!;26,00;2,00;37
41;PR;Sul;10444526;399;Masculino;Ensino Superior Incompleto;Outro(a) profissional de nível superior;Comissionado (a);Técnico(a) de nível Médio;De 31 a 40 horas semanais;;17/jan/91;28;16 a 29 anos;Nível Médio;#NULO!;Nível Médio;#NULO!;Outro profissional de nivel superior;#NULO!;#NULO!;#NULO!;#NULO!;#NULO!;Comissionado;#NULO!;#NULO!;Comissionado;#NULO!;#NULO!;14,00;23,00;#NULO!;1,00;#NULO!;4,00;1,00;9,00;#NULO!;26,00;2,00;37
41;PR;Sul;10444526;399;Masculino;Ensino Médio Completo;Profissional de nível médio;Comissionado (a);Apoio Administrativo;De 31 a 40 horas semanais;;19/mar/91;28;16 a 29 anos;Nível Médio;#NULO!;Nível Médio;#NULO!;Profissional de nível médio;#NULO!;#NULO!;#NULO!;#NULO!;#NULO!;Comissionado;#NULO!;#NULO!;Comissionado;#NULO!;#NULO!;14,00;23,00;#NULO!;1,00;#NULO!;4,00;1,00;9,00;#NULO!;26,00;2,00;37
41;PR;Sul;10444526;399;Masculino;Ensino Superior Completo;Administrador (a);Comissionado (a);Técnico(a) de nível Médio;De 31 a 40 horas semanais;;06/dez/88;30;30 a 40 anos;Nível Superior;#NULO!;#NULO!;Nível Superior;Outro profissional de nivel superior;#NULO!;#NULO!;#NULO!;#NULO!;#NULO!;Comissionado;#NULO!;#NULO!;Comissionado;#NULO!;#NULO!;14,00;23,00;#NULO!;1,00;#NULO!;4,00;1,00;9,00;#NULO!;26,00;2,00;37
41;PR;Sul;10444526;399;Masculino;Ensino Superior Completo;Outro(a) profissional de nível superior;Comissionado (a);Apoio Administrativo;De 31 a 40 horas semanais;;16/dez/88;30;30 a 40 anos;Nível Superior;#NULO!;#NULO!;Nível Superior;Outro profissional de nivel superior;#NULO!;#NULO!;#NULO!;#NULO!;#NULO!;Comissionado;#NULO!;#NULO!;Comissionado;#NULO!;#NULO!;14,00;23,00;#NULO!;1,00;#NULO!;4,00;1,00;9,00;#NULO!;26,00;2,00;37
41;PR;Sul;10444526;399;Feminino;Especialização;Advogado (a);Comissionado (a);Técnico(a) de nível superior;De 31 a 40 horas semanais;;07/mar/87;32;30 a 40 anos;Nível Superior;#NULO!;#NULO!;Nível Superior;Advogado;#NULO!;#NULO!;#NULO!;Advogado;#NULO!;Comissionado;#NULO!;#NULO!;Comissionado;#NULO!;#NULO!;14,00;23,00;#NULO!;1,00;#NULO!;4,00;1,00;9,00;#NULO!;26,00;2,00;37
41;PR;Sul;10444526;399;Feminino;Ensino Superior Completo;Nutricionista;Comissionado (a);Outros;De 31 a 40 horas semanais;;29/jul/84;35;30 a 40 anos;Nível Superior;#NULO!;#NULO!;Nível Superior;Outro profissional de nivel superior;#NULO!;#NULO!;#NULO!;#NULO!;#NULO!;Comissionado;#NULO!;#NULO!;Comissionado;#NULO!;#NULO!;14,00;23,00;#NULO!;1,00;#NULO!;4,00;1,00;9,00;#NULO!;26,00;2,00;37
41;PR;Sul;10444526;399;Feminino;Ensino Médio Completo;Profissional de nível médio;Comissionado (a);Outros;De 31 a 40 horas semanais;;09/abr/80;39;30 a 40 anos;Nível Médio;#NULO!;Nível Médio;#NULO!;Profissional de nível médio;#NULO!;#NULO!;#NULO!;#NULO!;#NULO!;Comissionado;#NULO!;#NULO!;Comissionado;#NULO!;#NULO!;14,00;23,00;#NULO!;1,00;#NULO!;4,00;1,00;9,00;#NULO!;26,00;2,00;37
41;PR;Sul;10444526;399;Feminino;Especialização;Economista;Outro vínculo não permanente;Outros;De 21 a 30 horas semanais;;05/mai/79;40;30 a 40 anos;Nível Superior;#NULO!;#NULO!;Nível Superior;Outro profissional de nivel superior;#NULO!;#NULO!;#NULO!;#NULO!;#NULO!;Outros vínculos não permanentes;#NULO!;#NULO!;#NULO!;Outros vínculos não permanentes;#NULO!;14,00;23,00;#NULO!;1,00;#NULO!;4,00;1,00;9,00;#NULO!;26,00;2,00;37
41;PR;Sul;10444526;399;Feminino;Ensino Superior Completo;Administrador (a);Comissionado (a);Outros;De 31 a 40 horas semanais;;19/nov/75;43;41 a 50 anos;Nível Superior;#NULO!;#NULO!;Nível Superior;Outro profissional de nivel superior;#NULO!;#NULO!;#NULO!;#NULO!;#NULO!;Comissionado;#NULO!;#NULO!;Comissionado;#NULO!;#NULO!;14,00;23,00;#NULO!;1,00;#NULO!;4,00;1,00;9,00;#NULO!;26,00;2,00;37
41;PR;Sul;10444526;399;Feminino;Especialização;Outro(a) profissional de nível superior;Comissionado (a);Coordenador(a);De 31 a 40 horas semanais;;04/abr/74;45;41 a 50 anos;Nível Superior;#NULO!;#NULO!;Nível Superior;Outro profissional de nivel superior;#NULO!;#NULO!;#NULO!;#NULO!;#NULO!;Comissionado;#NULO!;#NULO!;Comissionado;#NULO!;#NULO!;14,00;23,00;#NULO!;1,00;#NULO!;4,00;1,00;9,00;#NULO!;26,00;2,00;37
41;PR;Sul;10444526;399;Feminino;Ensino Superior Completo;Advogado (a);Comissionado (a);Técnico(a) de nível superior;De 31 a 40 horas semanais;;30/abr/72;47;41 a 50 anos;Nível Superior;#NULO!;#NULO!;Nível Superior;Advogado;#NULO!;#NULO!;#NULO!;Advogado;#NULO!;Comissionado;#NULO!;#NULO!;Comissionado;#NULO!;#NULO!;14,00;23,00;#NULO!;1,00;#NULO!;4,00;1,00;9,00;#NULO!;26,00;2,00;37
41;PR;Sul;10444526;399;Feminino;Ensino Superior Completo;Outro(a) profissional de nível superior;Comissionado (a);Técnico(a) de nível superior;De 31 a 40 horas semanais;;25/dez/68;50;41 a 50 anos;Nível Superior;#NULO!;#NULO!;Nível Superior;Outro profissional de nivel superior;#NULO!;#NULO!;#NULO!;#NULO!;#NULO!;Comissionado;#NULO!;#NULO!;Comissionado;#NULO!;#NULO!;14,00;23,00;#NULO!;1,00;#NULO!;4,00;1,00;9,00;#NULO!;26,00;2,00;37
41;PR;Sul;10444526;399;Masculino;Especialização;Outro(a) profissional de nível superior;Servidor/Estatutário (a);Outros;De 31 a 40 horas semanais;;12/mai/69;50;41 a 50 anos;Nível Superior;#NULO!;#NULO!;Nível Superior;Outro profissional de nivel superior;#NULO!;#NULO!;#NULO!;#NULO!;#NULO!;Servidor Estatutário;Servidor Estatutário;#NULO!;#NULO!;#NULO!;#NULO!;14,00;23,00;#NULO!;1,00;#NULO!;4,00;1,00;9,00;#NULO!;26,00;2,00;37
41;PR;Sul;10444526;399;Masculino;Ensino Superior Completo;Outro(a) profissional de nível superior;Servidor/Estatutário (a);Técnico(a) de nível superior;De 31 a 40 horas semanais;;06/jan/69;50;41 a 50 anos;Nível Superior;#NULO!;#NULO!;Nível Superior;Outro profissional de nivel superior;#NULO!;#NULO!;#NULO!;#NULO!;#NULO!;Servidor Estatutário;Servidor Estatutário;#NULO!;#NULO!;#NULO!;#NULO!;14,00;23,00;#NULO!;1,00;#NULO!;4,00;1,00;9,00;#NULO!;26,00;2,00;37
41;PR;Sul;10444526;399;Feminino;Especialização;Administrador (a);Servidor/Estatutário (a);Técnico(a) de nível superior;De 31 a 40 horas semanais;;12/fev/69;50;41 a 50 anos;Nível Superior;#NULO!;#NULO!;Nível Superior;Outro profissional de nivel superior;#NULO!;#NULO!;#NULO!;#NULO!;#NULO!;Servidor Estatutário;Servidor Estatutário;#NULO!;#NULO!;#NULO!;#NULO!;14,00;23,00;#NULO!;1,00;#NULO!;4,00;1,00;9,00;#NULO!;26,00;2,00;37
41;PR;Sul;10444526;399;Feminino;Ensino Superior Completo;Psicólogo (a);Comissionado (a);Outros;De 31 a 40 horas semanais;;19/jan/68;51;51 a 60 anos;Nível Superior;#NULO!;#NULO!;Nível Superior;Psicólogo;#NULO!;#NULO!;#NULO!;#NULO!;Psicólogo;Comissionado;#NULO!;#NULO!;Comissionado;#NULO!;#NULO!;14,00;23,00;#NULO!;1,00;#NULO!;4,00;1,00;9,00;#NULO!;26,00;2,00;37
41;PR;Sul;10444526;399;Feminino;Ensino Superior Completo;Profissional de nível médio;Servidor/Estatutário (a);Técnico(a) de nível Médio;De 31 a 40 horas semanais;;10/nov/66;52;51 a 60 anos;Nível Superior;#NULO!;#NULO!;Nível Superior;Profissional de nível médio;#NULO!;#NULO!;#NULO!;#NULO!;#NULO!;Servidor Estatutário;Servidor Estatutário;#NULO!;#NULO!;#NULO!;#NULO!;14,00;23,00;#NULO!;1,00;#NULO!;4,00;1,00;9,00;#NULO!;26,00;2,00;37
41;PR;Sul;10444526;399;Feminino;Ensino Médio Completo;Profissional de nível médio;Comissionado (a);Outros;De 31 a 40 horas semanais;;21/out/64;54;51 a 60 anos;Nível Médio;#NULO!;Nível Médio;#NULO!;Profissional de nível médio;#NULO!;#NULO!;#NULO!;#NULO!;#NULO!;Comissionado;#NULO!;#NULO!;Comissionado;#NULO!;#NULO!;14,00;23,00;#NULO!;1,00;#NULO!;4,00;1,00;9,00;#NULO!;26,00;2,00;37
41;PR;Sul;10444526;399;Feminino;Ensino Superior Completo;Outro(a) profissional de nível superior;Servidor/Estatutário (a);Técnico(a) de nível Médio;De 31 a 40 horas semanais;;21/set/64;54;51 a 60 anos;Nível Superior;#NULO!;#NULO!;Nível Superior;Outro profissional de nivel superior;#NULO!;#NULO!;#NULO!;#NULO!;#NULO!;Servidor Estatutário;Servidor Estatutário;#NULO!;#NULO!;#NULO!;#NULO!;14,00;23,00;#NULO!;1,00;#NULO!;4,00;1,00;9,00;#NULO!;26,00;2,00;37
41;PR;Sul;10444526;399;Feminino;Especialização;Outro(a) profissional de nível superior;Comissionado (a);Ordenador(a) de Despesas;De 31 a 40 horas semanais;02/01/2011;20/mar/64;55;51 a 60 anos;Nível Superior;#NULO!;#NULO!;Nível Superior;Outro profissional de nivel superior;#NULO!;#NULO!;#NULO!;#NULO!;#NULO!;Comissionado;#NULO!;#NULO!;Comissionado;#NULO!;#NULO!;14,00;23,00;#NULO!;1,00;#NULO!;4,00;1,00;9,00;#NULO!;26,00;2,00;37
41;PR;Sul;10444526;399;Feminino;Ensino Superior Completo;Profissional de nível médio;Servidor/Estatutário (a);Técnico(a) de nível Médio;De 31 a 40 horas semanais;;19/jul/64;55;51 a 60 anos;Nível Superior;#NULO!;#NULO!;Nível Superior;Profissional de nível médio;#NULO!;#NULO!;#NULO!;#NULO!;#NULO!;Servidor Estatutário;Servidor Estatutário;#NULO!;#NULO!;#NULO!;#NULO!;14,00;23,00;#NULO!;1,00;#NULO!;4,00;1,00;9,00;#NULO!;26,00;2,00;37
41;PR;Sul;10444526;399;Feminino;Ensino Superior Incompleto;Administrador (a);Comissionado (a);Técnico(a) de nível superior;De 31 a 40 horas semanais;;26/jul/63;56;51 a 60 anos;Nível Médio;#NULO!;Nível Médio;#NULO!;Outro profissional de nivel superior;#NULO!;#NULO!;#NULO!;#NULO!;#NULO!;Comissionado;#NULO!;#NULO!;Comissionado;#NULO!;#NULO!;14,00;23,00;#NULO!;1,00;#NULO!;4,00;1,00;9,00;#NULO!;26,00;2,00;37
41;PR;Sul;10444526;399;Feminino;Especialização;Advogado (a);Comissionado (a);Técnico(a) de nível superior;De 31 a 40 horas semanais;;08/jan/60;59;51 a 60 anos;Nível Superior;#NULO!;#NULO!;Nível Superior;Advogado;#NULO!;#NULO!;#NULO!;Advogado;#NULO!;Comissionado;#NULO!;#NULO!;Comissionado;#NULO!;#NULO!;14,00;23,00;#NULO!;1,00;#NULO!;4,00;1,00;9,00;#NULO!;26,00;2,00;37
41;PR;Sul;10444526;399;Feminino;Ensino Superior Completo;Assistente Social;Comissionado (a);Ordenador(a) de Despesas;De 31 a 40 horas semanais;15/10/2018;16/jun/58;61;Mais de 60 anos;Nível Superior;#NULO!;#NULO!;Nível Superior;Assistente Social;#NULO!;Assistente Social;#NULO!;#NULO!;#NULO!;Comissionado;#NULO!;#NULO!;Comissionado;#NULO!;#NULO!;14,00;23,00;#NULO!;1,00;#NULO!;4,00;1,00;9,00;#NULO!;26,00;2,00;37
41;PR;Sul;10444526;399;Feminino;Ensino Superior Incompleto;Profissional de nível médio;Comissionado (a);Apoio Administrativo;De 31 a 40 horas semanais;;15/mai/57;62;Mais de 60 anos;Nível Médio;#NULO!;Nível Médio;#NULO!;Profissional de nível médio;#NULO!;#NULO!;#NULO!;#NULO!;#NULO!;Comissionado;#NULO!;#NULO!;Comissionado;#NULO!;#NULO!;14,00;23,00;#NULO!;1,00;#NULO!;4,00;1,00;9,00;#NULO!;26,00;2,00;37
41;PR;Sul;10444526;399;Masculino;Ensino Superior Completo;Outro(a) profissional de nível superior;Servidor/Estatutário (a);Técnico(a) de nível Médio;De 31 a 40 horas semanais;;14/ago/57;62;Mais de 60 anos;Nível Superior;#NULO!;#NULO!;Nível Superior;Outro profissional de nivel superior;#NULO!;#NULO!;#NULO!;#NULO!;#NULO!;Servidor Estatutário;Servidor Estatutário;#NULO!;#NULO!;#NULO!;#NULO!;14,00;23,00;#NULO!;1,00;#NULO!;4,00;1,00;9,00;#NULO!;26,00;2,00;37
41;PR;Sul;10444526;399;Masculino;Ensino Superior Completo;Administrador (a);Servidor/Estatutário (a);Técnico(a) de nível superior;De 31 a 40 horas semanais;;01/nov/55;63;Mais de 60 anos;Nível Superior;#NULO!;#NULO!;Nível Superior;Outro profissional de nivel superior;#NULO!;#NULO!;#NULO!;#NULO!;#NULO!;Servidor Estatutário;Servidor Estatutário;#NULO!;#NULO!;#NULO!;#NULO!;14,00;23,00;#NULO!;1,00;#NULO!;4,00;1,00;9,00;#NULO!;26,00;2,00;37
41;PR;Sul;10444526;399;Masculino;Ensino Superior Incompleto;Advogado (a);Servidor/Estatutário (a);Técnico(a) de nível superior;De 31 a 40 horas semanais;;02/jun/55;64;Mais de 60 anos;Nível Médio;#NULO!;Nível Médio;#NULO!;Advogado;#NULO!;#NULO!;#NULO!;Advogado;#NULO!;Servidor Estatutário;Servidor Estatutário;#NULO!;#NULO!;#NULO!;#NULO!;14,00;23,00;#NULO!;1,00;#NULO!;4,00;1,00;9,00;#NULO!;26,00;2,00;37
42;SC;Sul;6248436;295;Masculino;Ensino Superior Incompleto;Sem formação profissional;Terceirizado (a);Apoio Administrativo;De 21 a 30 horas semanais;;05/mai/87;32;30 a 40 anos;Nível Médio;#NULO!;Nível Médio;#NULO!;Outro profissional de nivel superior;#NULO!;#NULO!;#NULO!;#NULO!;#NULO!;Outros vínculos não permanentes;#NULO!;#NULO!;#NULO!;Outros vínculos não permanentes;#NULO!;2,00;3,00;#NULO!;#NULO!;#NULO!;#NULO!;#NULO!;1,00;#NULO!;2,00;2,00;5
42;SC;Sul;6248436;295;Feminino;Ensino Médio Completo;Sem formação profissional;Terceirizado (a);Apoio Administrativo;De 21 a 30 horas semanais;;16/jun/87;32;30 a 40 anos;Nível Médio;#NULO!;Nível Médio;#NULO!;Outro profissional de nivel superior;#NULO!;#NULO!;#NULO!;#NULO!;#NULO!;Outros vínculos não permanentes;#NULO!;#NULO!;#NULO!;Outros vínculos não permanentes;#NULO!;2,00;3,00;#NULO!;#NULO!;#NULO!;#NULO!;#NULO!;1,00;#NULO!;2,00;2,00;5
42;SC;Sul;6248436;295;Feminino;Ensino Superior Completo;Economista;Comissionado (a);Ordenador(a) de Despesas;De 31 a 40 horas semanais;;22/jan/67;52;51 a 60 anos;Nível Superior;#NULO!;#NULO!;Nível Superior;Outro profissional de nivel superior;#NULO!;#NULO!;#NULO!;#NULO!;#NULO!;Comissionado;#NULO!;#NULO!;Comissionado;#NULO!;#NULO!;2,00;3,00;#NULO!;#NULO!;#NULO!;#NULO!;#NULO!;1,00;#NULO!;2,00;2,00;5
42;SC;Sul;6248436;295;Masculino;Especialização;Outro(a) profissional de nível superior;Servidor/Estatutário (a);Coordenador(a);De 31 a 40 horas semanais;;30/dez/64;54;51 a 60 anos;Nível Superior;#NULO!;#NULO!;Nível Superior;Outro profissional de nivel superior;#NULO!;#NULO!;#NULO!;#NULO!;#NULO!;Servidor Estatutário;Servidor Estatutário;#NULO!;#NULO!;#NULO!;#NULO!;2,00;3,00;#NULO!;#NULO!;#NULO!;#NULO!;#NULO!;1,00;#NULO!;2,00;2,00;5
42;SC;Sul;6248436;295;Masculino;Ensino Superior Completo;Outro(a) profissional de nível superior;Comissionado (a);Ordenador(a) de Despesas;De 31 a 40 horas semanais;;23/set/63;55;51 a 60 anos;Nível Superior;#NULO!;#NULO!;Nível Superior;Outro profissional de nivel superior;#NULO!;#NULO!;#NULO!;#NULO!;#NULO!;Comissionado;#NULO!;#NULO!;Comissionado;#NULO!;#NULO!;2,00;3,00;#NULO!;#NULO!;#NULO!;#NULO!;#NULO!;1,00;#NULO!;2,00;2,00;5
50;MS;Centro-Oeste;2449024;79;Masculino;Ensino Superior Completo;Outro(a) profissional de nível superior;Comissionado (a);Técnico(a) de nível superior;De 31 a 40 horas semanais;;08/jul/91;28;16 a 29 anos;Nível Superior;#NULO!;#NULO!;Nível Superior;Outro profissional de nivel superior;#NULO!;#NULO!;#NULO!;#NULO!;#NULO!;Comissionado;#NULO!;#NULO!;Comissionado;#NULO!;#NULO!;10,00;15,00;3,00;2,00;#NULO!;#NULO!;1,00;17,00;#NULO!;8,00;#NULO!;25
50;MS;Centro-Oeste;2449024;79;Feminino;Ensino Médio Completo;Profissional de nível médio;Servidor/Estatutário (a);Técnico(a) de nível Médio;De 31 a 40 horas semanais;;23/set/85;33;30 a 40 anos;Nível Médio;#NULO!;Nível Médio;#NULO!;Profissional de nível médio;#NULO!;#NULO!;#NULO!;#NULO!;#NULO!;Servidor Estatutário;Servidor Estatutário;#NULO!;#NULO!;#NULO!;#NULO!;10,00;15,00;3,00;2,00;#NULO!;#NULO!;1,00;17,00;#NULO!;8,00;#NULO!;25
50;MS;Centro-Oeste;2449024;79;Feminino;Ensino Superior Completo;Outro(a) profissional de nível superior;Comissionado (a);Técnico(a) de nível superior;De 31 a 40 horas semanais;;27/set/82;36;30 a 40 anos;Nível Superior;#NULO!;#NULO!;Nível Superior;Outro profissional de nivel superior;#NULO!;#NULO!;#NULO!;#NULO!;#NULO!;Comissionado;#NULO!;#NULO!;Comissionado;#NULO!;#NULO!;10,00;15,00;3,00;2,00;#NULO!;#NULO!;1,00;17,00;#NULO!;8,00;#NULO!;25
50;MS;Centro-Oeste;2449024;79;Feminino;Ensino Superior Incompleto;Sem formação profissional;Comissionado (a);Técnico(a) de nível superior;De 31 a 40 horas semanais;;24/jul/82;37;30 a 40 anos;Nível Médio;#NULO!;Nível Médio;#NULO!;Outro profissional de nivel superior;#NULO!;#NULO!;#NULO!;#NULO!;#NULO!;Comissionado;#NULO!;#NULO!;Comissionado;#NULO!;#NULO!;10,00;15,00;3,00;2,00;#NULO!;#NULO!;1,00;17,00;#NULO!;8,00;#NULO!;25
50;MS;Centro-Oeste;2449024;79;Feminino;Ensino Médio Completo;Profissional de nível médio;Servidor/Estatutário (a);Técnico(a) de nível Médio;De 31 a 40 horas semanais;;22/nov/81;37;30 a 40 anos;Nível Médio;#NULO!;Nível Médio;#NULO!;Profissional de nível médio;#NULO!;#NULO!;#NULO!;#NULO!;#NULO!;Servidor Estatutário;Servidor Estatutário;#NULO!;#NULO!;#NULO!;#NULO!;10,00;15,00;3,00;2,00;#NULO!;#NULO!;1,00;17,00;#NULO!;8,00;#NULO!;25
50;MS;Centro-Oeste;2449024;79;Feminino;Ensino Superior Incompleto;Profissional de nível médio;Servidor/Estatutário (a);Técnico(a) de nível Médio;De 21 a 30 horas semanais;;25/ago/80;39;30 a 40 anos;Nível Médio;#NULO!;Nível Médio;#NULO!;Profissional de nível médio;#NULO!;#NULO!;#NULO!;#NULO!;#NULO!;Servidor Estatutário;Servidor Estatutário;#NULO!;#NULO!;#NULO!;#NULO!;10,00;15,00;3,00;2,00;#NULO!;#NULO!;1,00;17,00;#NULO!;8,00;#NULO!;25
50;MS;Centro-Oeste;2449024;79;Feminino;Ensino Superior Incompleto;Profissional de nível médio;Servidor/Estatutário (a);Técnico(a) de nível Médio;De 21 a 30 horas semanais;;29/jul/79;40;30 a 40 anos;Nível Médio;#NULO!;Nível Médio;#NULO!;Profissional de nível médio;#NULO!;#NULO!;#NULO!;#NULO!;#NULO!;Servidor Estatutário;Servidor Estatutário;#NULO!;#NULO!;#NULO!;#NULO!;10,00;15,00;3,00;2,00;#NULO!;#NULO!;1,00;17,00;#NULO!;8,00;#NULO!;25
50;MS;Centro-Oeste;2449024;79;Feminino;Ensino Superior Completo;Outro(a) profissional de nível superior;Comissionado (a);Técnico(a) de nível superior;De 31 a 40 horas semanais;;08/jul/79;40;30 a 40 anos;Nível Superior;#NULO!;#NULO!;Nível Superior;Outro profissional de nivel superior;#NULO!;#NULO!;#NULO!;#NULO!;#NULO!;Comissionado;#NULO!;#NULO!;Comissionado;#NULO!;#NULO!;10,00;15,00;3,00;2,00;#NULO!;#NULO!;1,00;17,00;#NULO!;8,00;#NULO!;25
50;MS;Centro-Oeste;2449024;79;Feminino;Ensino Superior Completo;Assistente Social;Servidor/Estatutário (a);Técnico(a) de nível superior;De 31 a 40 horas semanais;;21/mar/78;41;41 a 50 anos;Nível Superior;#NULO!;#NULO!;Nível Superior;Assistente Social;#NULO!;Assistente Social;#NULO!;#NULO!;#NULO!;Servidor Estatutário;Servidor Estatutário;#NULO!;#NULO!;#NULO!;#NULO!;10,00;15,00;3,00;2,00;#NULO!;#NULO!;1,00;17,00;#NULO!;8,00;#NULO!;25
50;MS;Centro-Oeste;2449024;79;Masculino;Ensino Médio Completo;Profissional de nível médio;Servidor/Estatutário (a);Técnico(a) de nível superior;De 31 a 40 horas semanais;;09/jul/78;41;41 a 50 anos;Nível Médio;#NULO!;Nível Médio;#NULO!;Profissional de nível médio;#NULO!;#NULO!;#NULO!;#NULO!;#NULO!;Servidor Estatutário;Servidor Estatutário;#NULO!;#NULO!;#NULO!;#NULO!;10,00;15,00;3,00;2,00;#NULO!;#NULO!;1,00;17,00;#NULO!;8,00;#NULO!;25
50;MS;Centro-Oeste;2449024;79;Feminino;Ensino Médio Completo;Profissional de nível médio;Servidor/Estatutário (a);Técnico(a) de nível Médio;De 21 a 30 horas semanais;;10/mai/76;43;41 a 50 anos;Nível Médio;#NULO!;Nível Médio;#NULO!;Profissional de nível médio;#NULO!;#NULO!;#NULO!;#NULO!;#NULO!;Servidor Estatutário;Servidor Estatutário;#NULO!;#NULO!;#NULO!;#NULO!;10,00;15,00;3,00;2,00;#NULO!;#NULO!;1,00;17,00;#NULO!;8,00;#NULO!;25
50;MS;Centro-Oeste;2449024;79;Feminino;Ensino Médio Completo;Profissional de nível médio;Comissionado (a);Técnico(a) de nível superior;De 31 a 40 horas semanais;;27/mai/76;43;41 a 50 anos;Nível Médio;#NULO!;Nível Médio;#NULO!;Profissional de nível médio;#NULO!;#NULO!;#NULO!;#NULO!;#NULO!;Comissionado;#NULO!;#NULO!;Comissionado;#NULO!;#NULO!;10,00;15,00;3,00;2,00;#NULO!;#NULO!;1,00;17,00;#NULO!;8,00;#NULO!;25
50;MS;Centro-Oeste;2449024;79;Feminino;Ensino Superior Completo;Outro(a) profissional de nível superior;Servidor/Estatutário (a);Técnico(a) de nível superior;De 31 a 40 horas semanais;;22/mar/75;44;41 a 50 anos;Nível Superior;#NULO!;#NULO!;Nível Superior;Outro profissional de nivel superior;#NULO!;#NULO!;#NULO!;#NULO!;#NULO!;Servidor Estatutário;Servidor Estatutário;#NULO!;#NULO!;#NULO!;#NULO!;10,00;15,00;3,00;2,00;#NULO!;#NULO!;1,00;17,00;#NULO!;8,00;#NULO!;25
50;MS;Centro-Oeste;2449024;79;Feminino;Ensino Superior Completo;Outro(a) profissional de nível superior;Servidor/Estatutário (a);Técnico(a) de nível superior;De 31 a 40 horas semanais;;02/jul/75;44;41 a 50 anos;Nível Superior;#NULO!;#NULO!;Nível Superior;Outro profissional de nivel superior;#NULO!;#NULO!;#NULO!;#NULO!;#NULO!;Servidor Estatutário;Servidor Estatutário;#NULO!;#NULO!;#NULO!;#NULO!;10,00;15,00;3,00;2,00;#NULO!;#NULO!;1,00;17,00;#NULO!;8,00;#NULO!;25
50;MS;Centro-Oeste;2449024;79;Feminino;Ensino Superior Completo;Outro(a) profissional de nível superior;Servidor/Estatutário (a);Técnico(a) de nível superior;De 31 a 40 horas semanais;;10/nov/73;45;41 a 50 anos;Nível Superior;#NULO!;#NULO!;Nível Superior;Outro profissional de nivel superior;#NULO!;#NULO!;#NULO!;#NULO!;#NULO!;Servidor Estatutário;Servidor Estatutário;#NULO!;#NULO!;#NULO!;#NULO!;10,00;15,00;3,00;2,00;#NULO!;#NULO!;1,00;17,00;#NULO!;8,00;#NULO!;25
50;MS;Centro-Oeste;2449024;79;Masculino;Ensino Superior Completo;Administrador (a);Comissionado (a);Coordenador(a);De 31 a 40 horas semanais;;04/abr/74;45;41 a 50 anos;Nível Superior;#NULO!;#NULO!;Nível Superior;Outro profissional de nivel superior;#NULO!;#NULO!;#NULO!;#NULO!;#NULO!;Comissionado;#NULO!;#NULO!;Comissionado;#NULO!;#NULO!;10,00;15,00;3,00;2,00;#NULO!;#NULO!;1,00;17,00;#NULO!;8,00;#NULO!;25
50;MS;Centro-Oeste;2449024;79;Feminino;Ensino Superior Completo;Psicólogo (a);Servidor/Estatutário (a);Técnico(a) de nível superior;De 31 a 40 horas semanais;;17/set/73;45;41 a 50 anos;Nível Superior;#NULO!;#NULO!;Nível Superior;Psicólogo;#NULO!;#NULO!;#NULO!;#NULO!;Psicólogo;Servidor Estatutário;Servidor Estatutário;#NULO!;#NULO!;#NULO!;#NULO!;10,00;15,00;3,00;2,00;#NULO!;#NULO!;1,00;17,00;#NULO!;8,00;#NULO!;25
50;MS;Centro-Oeste;2449024;79;Feminino;Ensino Superior Incompleto;Outro(a) profissional de nível superior;Servidor/Estatutário (a);Técnico(a) de nível superior;De 31 a 40 horas semanais;;11/jul/72;47;41 a 50 anos;Nível Médio;#NULO!;Nível Médio;#NULO!;Outro profissional de nivel superior;#NULO!;#NULO!;#NULO!;#NULO!;#NULO!;Servidor Estatutário;Servidor Estatutário;#NULO!;#NULO!;#NULO!;#NULO!;10,00;15,00;3,00;2,00;#NULO!;#NULO!;1,00;17,00;#NULO!;8,00;#NULO!;25
50;MS;Centro-Oeste;2449024;79;Masculino;Ensino Médio Completo;Profissional de nível médio;Servidor/Estatutário (a);Técnico(a) de nível Médio;De 31 a 40 horas semanais;;30/set/67;51;51 a 60 anos;Nível Médio;#NULO!;Nível Médio;#NULO!;Profissional de nível médio;#NULO!;#NULO!;#NULO!;#NULO!;#NULO!;Servidor Estatutário;Servidor Estatutário;#NULO!;#NULO!;#NULO!;#NULO!;10,00;15,00;3,00;2,00;#NULO!;#NULO!;1,00;17,00;#NULO!;8,00;#NULO!;25
50;MS;Centro-Oeste;2449024;79;Feminino;Ensino Superior Completo;Outro(a) profissional de nível superior;Servidor/Estatutário (a);Técnico(a) de nível superior;De 31 a 40 horas semanais;;03/dez/65;53;51 a 60 anos;Nível Superior;#NULO!;#NULO!;Nível Superior;Outro profissional de nivel superior;#NULO!;#NULO!;#NULO!;#NULO!;#NULO!;Servidor Estatutário;Servidor Estatutário;#NULO!;#NULO!;#NULO!;#NULO!;10,00;15,00;3,00;2,00;#NULO!;#NULO!;1,00;17,00;#NULO!;8,00;#NULO!;25
50;MS;Centro-Oeste;2449024;79;Feminino;Especialização;Assistente Social;Comissionado (a);Gestor(a);De 41 a 40 horas semanais;19/04/2016;04/nov/65;53;51 a 60 anos;Nível Superior;#NULO!;#NULO!;Nível Superior;Assistente Social;#NULO!;Assistente Social;#NULO!;#NULO!;#NULO!;Comissionado;#NULO!;#NULO!;Comissionado;#NULO!;#NULO!;10,00;15,00;3,00;2,00;#NULO!;#NULO!;1,00;17,00;#NULO!;8,00;#NULO!;25
50;MS;Centro-Oeste;2449024;79;Feminino;Ensino Superior Completo;Pedagogo (a);Comissionado (a);Técnico(a) de nível superior;De 31 a 40 horas semanais;;12/mar/64;55;51 a 60 anos;Nível Superior;#NULO!;#NULO!;Nível Superior;Pedagogo;Pedagogo;#NULO!;#NULO!;#NULO!;#NULO!;Comissionado;#NULO!;#NULO!;Comissionado;#NULO!;#NULO!;10,00;15,00;3,00;2,00;#NULO!;#NULO!;1,00;17,00;#NULO!;8,00;#NULO!;25
50;MS;Centro-Oeste;2449024;79;Feminino;Ensino Superior Completo;Administrador (a);Servidor/Estatutário (a);Técnico(a) de nível superior;De 31 a 40 horas semanais;;04/jun/63;56;51 a 60 anos;Nível Superior;#NULO!;#NULO!;Nível Superior;Outro profissional de nivel superior;#NULO!;#NULO!;#NULO!;#NULO!;#NULO!;Servidor Estatutário;Servidor Estatutário;#NULO!;#NULO!;#NULO!;#NULO!;10,00;15,00;3,00;2,00;#NULO!;#NULO!;1,00;17,00;#NULO!;8,00;#NULO!;25
50;MS;Centro-Oeste;2449024;79;Feminino;Ensino Superior Completo;Pedagogo (a);Servidor/Estatutário (a);Técnico(a) de nível superior;De 31 a 40 horas semanais;;23/abr/58;61;Mais de 60 anos;Nível Superior;#NULO!;#NULO!;Nível Superior;Pedagogo;Pedagogo;#NULO!;#NULO!;#NULO!;#NULO!;Servidor Estatutário;Servidor Estatutário;#NULO!;#NULO!;#NULO!;#NULO!;10,00;15,00;3,00;2,00;#NULO!;#NULO!;1,00;17,00;#NULO!;8,00;#NULO!;25
50;MS;Centro-Oeste;2449024;79;Feminino;Ensino Superior Completo;Pedagogo (a);Servidor/Estatutário (a);Técnico(a) de nível superior;De 31 a 40 horas semanais;;19/mai/57;62;Mais de 60 anos;Nível Superior;#NULO!;#NULO!;Nível Superior;Pedagogo;Pedagogo;#NULO!;#NULO!;#NULO!;#NULO!;Servidor Estatutário;Servidor Estatutário;#NULO!;#NULO!;#NULO!;#NULO!;10,00;15,00;3,00;2,00;#NULO!;#NULO!;1,00;17,00;#NULO!;8,00;#NULO!;25
51;MT;Centro-Oeste;3035122;141;Feminino;Ensino Superior Completo;Outro(a) profissional de nível superior;Servidor/Estatutário (a);Técnico(a) de nível superior;De 31 a 40 horas semanais;01/03/2019;19/mar/93;26;16 a 29 anos;Nível Superior;#NULO!;#NULO!;Nível Superior;Outro profissional de nivel superior;#NULO!;#NULO!;#NULO!;#NULO!;#NULO!;Servidor Estatutário;Servidor Estatutário;#NULO!;#NULO!;#NULO!;#NULO!;#NULO!;5,00;1,00;#NULO!;#NULO!;#NULO!;#NULO!;3,00;#NULO!;2,00;#NULO!;5
51;MT;Centro-Oeste;3035122;141;Feminino;Ensino Superior Completo;Outro(a) profissional de nível superior;Servidor/Estatutário (a);Técnico(a) de nível superior;De 31 a 40 horas semanais;01/03/2019;03/jun/89;30;30 a 40 anos;Nível Superior;#NULO!;#NULO!;Nível Superior;Outro profissional de nivel superior;#NULO!;#NULO!;#NULO!;#NULO!;#NULO!;Servidor Estatutário;Servidor Estatutário;#NULO!;#NULO!;#NULO!;#NULO!;#NULO!;5,00;1,00;#NULO!;#NULO!;#NULO!;#NULO!;3,00;#NULO!;2,00;#NULO!;5
51;MT;Centro-Oeste;3035122;141;Feminino;Especialização;Outro(a) profissional de nível superior;Servidor/Estatutário (a);Coordenador(a);De 31 a 40 horas semanais;01/03/2019;30/jun/79;40;30 a 40 anos;Nível Superior;#NULO!;#NULO!;Nível Superior;Outro profissional de nivel superior;#NULO!;#NULO!;#NULO!;#NULO!;#NULO!;Servidor Estatutário;Servidor Estatutário;#NULO!;#NULO!;#NULO!;#NULO!;#NULO!;5,00;1,00;#NULO!;#NULO!;#NULO!;#NULO!;3,00;#NULO!;2,00;#NULO!;5
51;MT;Centro-Oeste;3035122;141;Feminino;Ensino Superior Completo;Outro(a) profissional de nível superior;Comissionado (a);Ordenador(a) de Despesas;De 31 a 40 horas semanais;01/01/2019;26/jul/78;41;41 a 50 anos;Nível Superior;#NULO!;#NULO!;Nível Superior;Outro profissional de nivel superior;#NULO!;#NULO!;#NULO!;#NULO!;#NULO!;Comissionado;#NULO!;#NULO!;Comissionado;#NULO!;#NULO!;#NULO!;5,00;1,00;#NULO!;#NULO!;#NULO!;#NULO!;3,00;#NULO!;2,00;#NULO!;5
51;MT;Centro-Oeste;3035122;141;Feminino;Ensino Superior Completo;Pedagogo (a);Comissionado (a);Ordenador(a) de Despesas;De 31 a 40 horas semanais;03/01/2019;05/jan/56;63;Mais de 60 anos;Nível Superior;#NULO!;#NULO!;Nível Superior;Pedagogo;Pedagogo;#NULO!;#NULO!;#NULO!;#NULO!;Comissionado;#NULO!;#NULO!;Comissionado;#NULO!;#NULO!;#NULO!;5,00;1,00;#NULO!;#NULO!;#NULO!;#NULO!;3,00;#NULO!;2,00;#NULO!;5
52;GO;Centro-Oeste;6003788;246;Masculino;Ensino Superior Completo;Administrador (a);Comissionado (a);Outros;De 31 a 40 horas semanais;;19/jun/87;32;30 a 40 anos;Nível Superior;#NULO!;#NULO!;Nível Superior;Outro profissional de nivel superior;#NULO!;#NULO!;#NULO!;#NULO!;#NULO!;Comissionado;#NULO!;#NULO!;Comissionado;#NULO!;#NULO!;#NULO!;2,00;#NULO!;1,00;#NULO!;#NULO!;#NULO!;#NULO!;1,00;1,00;#NULO!;2
52;GO;Centro-Oeste;6003788;246;Feminino;Especialização;Assistente Social;Empregado (a) Público (a) Celetista (CLT);Gestor(a);De 31 a 40 horas semanais;06/11/2019;22/jul/62;57;51 a 60 anos;Nível Superior;#NULO!;#NULO!;Nível Superior;Assistente Social;#NULO!;Assistente Social;#NULO!;#NULO!;#NULO!;Empregado Público (CLT);#NULO!;Empregado Público (CLT);#NULO!;#NULO!;#NULO!;#NULO!;2,00;#NULO!;1,00;#NULO!;#NULO!;#NULO!;#NULO!;1,00;1,00;#NULO!;2
